"nom","taille","age","points","reb","pd","d","v_d","min","2p_av","3p_av","fg_av","ft_av","ro","rebb","pdd","inn","bp","ct","fa","ptss","eva","ptsss","rebbb","ast","stl","blk","equipe"
Matthias Flosse,"2m10",25,13.7,8.7,1.0,3,"2-1",23.7,"63.2%","60%","62.5%","66.7%",3.7,8.7,1.0,0.3,1.7,1.0,3.0,13.7,18.7,20.0,10.0,1.0,1.0,2.0,andrezieux-boutheon
Pape Diop,"2m04",27,13.5,6.4,1.5,15,"10-5",26.9,"58.1%","18.5%","51%","71.7%",1.8,6.4,1.5,1.5,2.1,0.9,2.5,13.5,15.6,25.0,10.0,3.0,5.0,2.0,andrezieux-boutheon
Jaraun Burrows,"2m03",38,11.8,3.8,1.8,9,"4-5",24.4,"59.3%","75%","60.3%","67.5%",1.3,3.8,1.8,0.3,1.8,0.3,1.8,11.8,12.0,22.0,5.0,3.0,1.0,1.0,andrezieux-boutheon
Moustapha Diarra,"2m05",36,11.0,4.7,0.7,21,"14-7",23.7,"55%","66.7%","55.2%","66.7%",1.9,4.7,0.7,0.6,2.5,0.7,2.3,11.0,10.6,23.0,8.0,2.0,3.0,3.0,andrezieux-boutheon
Rosaire Malonga,"1m88",28,10.8,2.6,5.1,22,"14-8",28.1,"49.3%","34.5%","39.8%","70.6%",0.2,2.6,5.1,1.3,2.8,0.1,2.0,10.8,11.1,25.0,5.0,8.0,3.0,1.0,andrezieux-boutheon
Louis Weber,"1m86",25,10.1,2.8,4.6,22,"14-8",25.5,"35.5%","31.6%","33.9%","75.5%",0.3,2.8,4.6,1.0,2.3,0.0,2.4,10.1,9.5,18.0,7.0,8.0,3.0,1.0,andrezieux-boutheon
Mohamed Sidibe,"2m05",21,9.9,6.8,1.4,22,"14-8",22.5,"50.8%","0%","49.2%","67.4%",2.4,6.8,1.4,1.0,1.5,0.7,3.1,9.9,13.1,18.0,13.0,3.0,3.0,3.0,andrezieux-boutheon
Adrien Thimon,"1m99",29,8.8,2.6,1.8,15,"9-6",21.3,"46.9%","39.3%","42.7%","63.6%",1.0,2.6,1.8,0.9,1.7,0.3,1.5,8.8,8.0,30.0,5.0,5.0,3.0,2.0,andrezieux-boutheon
Hugo Cucherat,"1m93",21,8.4,1.5,1.0,15,"9-6",23.9,"36.8%","47.3%","45.2%","70%",0.3,1.5,1.0,0.7,0.5,0.0,1.5,8.4,7.6,18.0,5.0,3.0,3.0,0.0,andrezieux-boutheon
Theo Bouteille,"1m92",26,7.3,3.0,2.3,4,"3-1",20.8,"37.5%","55.6%","44%","50%",0.8,3.0,2.3,0.5,0.5,0.3,1.3,7.3,8.8,12.0,4.0,4.0,1.0,1.0,andrezieux-boutheon
Tom Hyenne,"1m94",23,5.0,2.7,0.9,20,"12-8",16.1,"37.1%","31.8%","35.9%","56.3%",0.7,2.7,0.9,0.5,1.0,0.1,1.8,5.0,4.2,12.0,7.0,4.0,2.0,1.0,andrezieux-boutheon
Ludovic Dufeal,"2m02",24,4.3,3.7,0.6,21,"14-7",17.1,"58.7%","31.8%","50%","78.9%",1.5,3.7,0.6,1.0,0.6,0.7,1.8,4.3,7.9,12.0,10.0,4.0,4.0,2.0,andrezieux-boutheon
Alexis Ville,-,,2.2,2.7,0.8,10,"7-3",14.9,"42.9%","8.3%","26.9%","63.6%",0.7,2.7,0.8,0.8,0.9,0.0,1.0,2.2,3.3,6.0,5.0,3.0,2.0,0.0,andrezieux-boutheon
Kevin Lavieille,"1m98",27,2.0,2.0,1.5,2,"2-0",17.5,"20%","0%","16.7%","50%",0.5,2.0,1.5,1.5,0.5,0.0,2.0,2.0,3.0,2.0,3.0,2.0,2.0,0.0,andrezieux-boutheon
Luca Sanchez,"1m80",17,0.4,0.0,0.0,5,"5-0",1.4,"100%","0%","33.3%",-,0.0,0.0,0.0,0.4,0.0,0.0,0.4,0.4,0.4,2.0,0.0,0.0,2.0,0.0,andrezieux-boutheon
Valentin Troadec,-,,0.0,0.0,0.0,1,"1-0",1.0,-,"0%","0%",-,0.0,0.0,0.0,0.0,0.0,0.0,0.0,0.0,-1.0,0.0,0.0,0.0,0.0,0.0,andrezieux-boutheon
Dominick Bridgewater,"1m78",23,14.2,1.9,4.8,22,"12-10",25.0,"56.2%","37.8%","48.2%","74.3%",0.5,1.9,4.8,1.9,3.0,0.1,2.5,14.2,13.7,25.0,5.0,10.0,6.0,1.0,avignon-le-pontet
Nemanja Kovanusic,"2m05",30,14.1,8.0,1.5,22,"12-10",26.1,"65.6%","37.9%","57.5%","55.3%",2.6,8.0,1.5,0.5,1.7,0.3,2.4,14.1,17.3,37.0,14.0,6.0,2.0,2.0,avignon-le-pontet
Tyson Jolly,"1m92",26,12.6,2.8,1.4,13,"8-5",23.0,"54%","39.4%","46.5%","56.3%",0.5,2.8,1.4,1.2,1.7,0.5,2.5,12.6,10.4,23.0,9.0,4.0,3.0,2.0,avignon-le-pontet
Nico Clareth,"1m96",26,10.7,3.4,2.3,7,"3-4",21.7,"43.8%","29.3%","35.6%","73.3%",0.1,3.4,2.3,1.1,1.6,0.4,2.9,10.7,9.1,16.0,8.0,5.0,3.0,1.0,avignon-le-pontet
Geoffrey Bourcier,"1m83",35,10.5,2.7,3.0,22,"12-10",23.2,"42.7%","39.6%","41.2%","82.4%",0.4,2.7,3.0,1.7,1.5,0.0,2.2,10.5,11.1,27.0,4.0,8.0,5.0,1.0,avignon-le-pontet
Steven Cayol,"1m80",25,10.1,5.3,2.4,22,"12-10",26.5,"64.1%","33.3%","61.4%","70.1%",2.2,5.3,2.4,1.6,1.9,0.6,2.8,10.1,14.8,22.0,11.0,8.0,3.0,3.0,avignon-le-pontet
Sullivan Hernandez,"2m04",28,7.7,3.6,2.2,21,"11-10",23.1,"57.7%","26.7%","50.4%","64.1%",1.1,3.6,2.2,1.6,2.1,0.7,2.6,7.7,10.0,20.0,8.0,5.0,5.0,3.0,avignon-le-pontet
Tristan Pothion,"2m00",31,6.3,3.0,1.0,20,"11-9",23.8,"61.8%","34.4%","44.2%","67.7%",0.4,3.0,1.0,0.5,1.6,0.2,1.7,6.3,6.2,14.0,8.0,3.0,2.0,2.0,avignon-le-pontet
Austin Rasolonjatovo,"1m86",22,6.2,2.2,3.1,22,"12-10",19.0,"49.1%","31.3%","40.8%","84.4%",0.4,2.2,3.1,1.0,1.7,0.0,1.3,6.2,7.9,15.0,6.0,9.0,4.0,1.0,avignon-le-pontet
Matthieu Vigneron,"2m01",21,4.3,2.4,0.3,10,"6-4",14.6,"48.4%","25%","43.6%","70%",1.0,2.4,0.3,0.4,1.5,0.0,1.8,4.3,3.4,10.0,7.0,2.0,1.0,0.0,avignon-le-pontet
Guy-Marc Michel,"2m10",35,2.1,2.7,0.5,19,"11-8",11.7,"41.4%","0%","35.3%","69.6%",0.8,2.7,0.5,0.1,0.6,0.4,1.5,2.1,3.6,8.0,6.0,2.0,1.0,2.0,avignon-le-pontet
Lazare Timothée M'Bala Mtsama,"1m92",18,2.0,2.0,0.0,1,"1-0",5.0,"50%",-,"50%",-,1.0,2.0,0.0,0.0,1.0,0.0,1.0,2.0,2.0,2.0,2.0,0.0,0.0,0.0,avignon-le-pontet
Teo Dongo-Lapietra,"1m85",20,1.5,0.0,1.0,2,"1-1",3.5,-,"50%","50%",-,0.0,0.0,1.0,0.0,0.0,0.0,1.0,1.5,2.0,3.0,0.0,2.0,0.0,0.0,avignon-le-pontet
Duane Morgan,"1m98",30,17.2,5.4,2.2,19,"5-14",31.7,"52.8%","31.2%","44.6%","77.4%",0.8,5.4,2.2,1.5,2.6,0.6,1.8,17.2,16.3,29.0,13.0,4.0,4.0,3.0,berck-rang-du-fliers
Guillaume Valayer,"2m01",27,9.8,6.0,2.6,21,"7-14",27.6,"53.1%","38.8%","47.2%","63.4%",1.4,6.0,2.6,0.5,1.9,0.2,1.9,9.8,12.3,20.0,10.0,5.0,2.0,1.0,berck-rang-du-fliers
Ibrahim Saounera,"1m79",36,9.2,2.8,3.5,22,"7-15",27.8,"50%","27.5%","40.3%","82.1%",0.5,2.8,3.5,0.8,2.0,0.0,2.2,9.2,9.3,23.0,7.0,6.0,3.0,0.0,berck-rang-du-fliers
Adrien Henocq,"1m94",27,9.0,2.4,3.2,13,"6-7",22.9,"50%","39.5%","41.5%","69.2%",0.2,2.4,3.2,1.5,1.2,0.1,1.7,9.0,10.4,20.0,6.0,7.0,4.0,1.0,berck-rang-du-fliers
Kayode Ajenifuja,"1m95",29,8.8,2.8,1.0,22,"7-15",24.9,"45.5%","35.7%","40%","90%",0.7,2.8,1.0,1.1,1.3,0.2,2.2,8.8,7.8,22.0,6.0,4.0,5.0,1.0,berck-rang-du-fliers
Clement Morel,"1m95",23,8.7,2.9,1.0,16,"6-10",19.7,"65.3%","17.9%","52%","69.8%",0.9,2.9,1.0,0.9,1.6,0.4,1.5,8.7,8.4,16.0,7.0,2.0,3.0,2.0,berck-rang-du-fliers
Ladji Meite,"2m02",23,6.8,4.8,1.1,19,"6-13",18.3,"65.5%",-,"65.5%","37.2%",2.2,4.8,1.1,0.5,1.4,0.3,3.4,6.8,9.2,16.0,10.0,3.0,2.0,2.0,berck-rang-du-fliers
Luidgy Laporal,"2m03",28,5.9,4.0,0.6,7,"3-4",16.9,"61.3%",-,"61.3%","37.5%",1.3,4.0,0.6,0.6,1.4,0.1,2.3,5.9,7.3,10.0,6.0,3.0,3.0,1.0,berck-rang-du-fliers
Elias Kherzane,"1m80",24,5.7,2.8,2.8,16,"6-10",19.2,"35%","23.5%","29.7%","73.6%",0.7,2.8,2.8,1.1,1.6,0.0,2.8,5.7,6.6,14.0,6.0,6.0,4.0,0.0,berck-rang-du-fliers
Alexis Desespringalle,"1m93",32,5.3,2.7,1.4,19,"6-13",17.8,"30.6%","38%","34.3%","76.5%",0.6,2.7,1.4,0.5,1.5,0.1,1.8,5.3,4.7,14.0,9.0,6.0,2.0,1.0,berck-rang-du-fliers
Alexandre Mendy,"1m90",33,4.3,2.8,1.2,6,"1-5",19.8,"46.7%","14.3%","31%","50%",0.7,2.8,1.2,0.7,3.5,0.0,1.5,4.3,1.2,8.0,5.0,2.0,1.0,0.0,berck-rang-du-fliers
Rodney Rolle,"2m04",21,2.4,1.4,0.2,9,"5-4",11.0,"75%","50%","66.7%","100%",0.8,1.4,0.2,0.4,0.3,0.4,0.7,2.4,4.2,7.0,4.0,1.0,1.0,2.0,berck-rang-du-fliers
Eliott Mariscal,"1m93",21,1.7,1.2,0.9,18,"5-13",10.9,"37.5%","26.3%","31.4%","50%",0.4,1.2,0.9,0.7,0.6,0.0,1.5,1.7,2.4,9.0,5.0,3.0,3.0,0.0,berck-rang-du-fliers
Brahim Dohou,"1m94",24,14.6,4.5,1.5,22,"7-15",28.6,"66.2%","26.5%","54.1%","73.6%",1.5,4.5,1.5,1.1,2.6,0.7,2.4,14.6,14.1,26.0,8.0,3.0,4.0,4.0,besancon
Remi Dibo,"2m03",32,13.7,3.4,1.7,16,"6-10",26.6,"41%","42.5%","42%","86.2%",0.6,3.4,1.7,1.1,1.8,0.1,2.7,13.7,11.6,24.0,7.0,3.0,4.0,2.0,besancon
Anthony Da Silva,"1m85",22,12.3,4.0,6.5,22,"7-15",33.5,"46.9%","29.8%","40.7%","67.4%",0.4,4.0,6.5,1.8,2.2,0.1,2.8,12.3,15.0,21.0,8.0,12.0,5.0,2.0,besancon
Quentin Diehl,"1m85",32,12.0,2.1,2.9,21,"7-14",30.5,"38.4%","39.3%","39%","80%",0.2,2.1,2.9,0.7,1.8,0.0,1.1,12.0,9.4,29.0,7.0,7.0,3.0,0.0,besancon
Mykal Riley,"1m98",38,10.5,3.4,2.3,21,"7-14",27.1,"47.5%","42.5%","45%","84%",0.8,3.4,2.3,1.6,2.1,0.1,1.5,10.5,11.3,20.0,8.0,5.0,4.0,1.0,besancon
Adam El Ghazi,"2m05",28,9.2,2.9,1.6,9,"4-5",19.0,"56.7%",-,"56.7%","36.8%",1.2,2.9,1.6,0.4,2.0,0.2,3.6,9.2,7.8,13.0,7.0,3.0,1.0,1.0,besancon
Xavier Rey,"2m00",36,7.7,7.7,2.4,16,"6-10",22.6,"55.6%","0%","54.8%","68.3%",2.3,7.7,2.4,0.6,1.8,2.0,2.4,7.7,15.3,15.0,12.0,6.0,2.0,5.0,besancon
Marc Kwedi,"2m01",26,7.4,4.3,1.7,15,"5-10",22.1,"42.3%","34.8%","40.4%","62.8%",0.9,4.3,1.7,1.0,1.1,0.5,3.2,7.4,9.0,22.0,9.0,4.0,2.0,3.0,besancon
Matt Gamberoni,"2m08",32,6.0,4.0,2.0,1,"0-1",16.0,"75%","0%","60%",-,3.0,4.0,2.0,1.0,2.0,0.0,3.0,6.0,9.0,6.0,4.0,2.0,1.0,0.0,besancon
Melvin Beaubois,"1m93",22,4.5,1.7,0.6,19,"6-13",12.3,"65.8%","23.1%","48.4%","47.2%",0.7,1.7,0.6,0.6,0.8,0.0,1.6,4.5,3.8,11.0,4.0,4.0,2.0,0.0,besancon
Anthony Andremont,"1m92",22,3.4,1.2,0.8,17,"5-12",12.1,"60%","25.9%","40.4%","46.2%",0.4,1.2,0.8,0.4,1.4,0.0,1.1,3.4,1.8,14.0,6.0,3.0,2.0,0.0,besancon
Thibault Boyer,"2m04",25,2.6,2.9,0.3,12,"3-9",9.6,"48%",-,"48%","70%",1.3,2.9,0.3,0.1,1.0,0.3,1.4,2.6,3.8,11.0,9.0,1.0,1.0,2.0,besancon
Theo Maillot,"1m89",21,2.0,0.5,0.0,2,"0-2",6.5,"0%","0%","0%","100%",0.0,0.5,0.0,1.0,1.0,0.5,1.5,2.0,2.0,2.0,1.0,0.0,1.0,1.0,besancon
Ange Buzer,-,16,0.0,0.7,0.3,3,"3-0",2.0,-,"0%","0%",-,0.3,0.7,0.3,0.0,0.7,0.0,0.0,0.0,-0.3,0.0,1.0,1.0,0.0,0.0,besancon
Dimitri Mongorin-Brival,-,23,0.0,1.0,0.0,1,"0-1",1.0,-,-,-,-,0.0,1.0,0.0,0.0,0.0,0.0,0.0,0.0,1.0,0.0,1.0,0.0,0.0,0.0,besancon
Yann Siegwarth,"1m85",30,12.7,2.2,3.4,22,"14-8",23.8,"50.5%","37.9%","43.8%","75.4%",0.4,2.2,3.4,1.4,2.2,0.1,1.9,12.7,11.4,28.0,7.0,8.0,4.0,1.0,caen
Wendell Davis,"1m95",28,10.9,2.9,2.2,18,"11-7",23.7,"53.2%","38%","46%","77.5%",1.5,2.9,2.2,0.9,1.5,0.0,2.6,10.9,10.4,20.0,9.0,5.0,5.0,0.0,caen
Antoine Rojewski,"1m95",23,10.5,2.6,2.8,20,"13-7",22.5,"59.7%","31%","44.5%","74%",0.8,2.6,2.8,1.5,1.3,0.0,2.7,10.5,11.0,18.0,6.0,6.0,5.0,0.0,caen
Marc-Eddy Norelia,"1m93",30,10.4,5.4,2.0,5,"4-1",24.6,"53.8%","100%","55%","58.3%",2.6,5.4,2.0,1.4,2.2,1.2,2.0,10.4,13.6,17.0,7.0,5.0,4.0,3.0,caen
Mounir Bernaoui,"2m05",26,10.2,7.2,1.5,22,"14-8",24.1,"58%","29.4%","49.1%","74.6%",2.7,7.2,1.5,1.3,1.6,0.4,2.8,10.2,14.5,23.0,12.0,5.0,3.0,1.0,caen
Yanik Blanc,"1m88",24,9.4,2.2,4.3,20,"14-6",22.2,"62.7%","37.9%","52.5%","56.3%",0.6,2.2,4.3,1.6,1.3,0.0,2.0,9.4,12.1,17.0,5.0,9.0,5.0,0.0,caen
Bali Coulibaly,"1m99",28,8.2,4.1,1.4,21,"13-8",18.2,"45.2%",-,"45.2%","62.2%",1.9,4.1,1.4,0.8,1.7,0.4,2.9,8.2,8.2,21.0,11.0,5.0,4.0,2.0,caen
Parfait Njiba,"1m99",34,8.2,3.5,1.7,22,"14-8",22.7,"47.7%","35%","39.9%","55.6%",1.0,3.5,1.7,0.8,0.9,0.3,1.5,8.2,8.7,22.0,8.0,4.0,3.0,3.0,caen
Earvine Bassoumba,"2m06",27,7.1,3.7,1.0,22,"14-8",18.2,"63.2%","0%","62.5%","69.8%",2.1,3.7,1.0,1.2,1.5,0.8,2.7,7.1,10.1,19.0,11.0,3.0,4.0,4.0,caen
Alexis Thomas,"2m08",28,6.4,4.6,0.8,17,"10-7",15.4,"61.4%","29.3%","45.9%","90%",1.9,4.6,0.8,0.7,1.2,0.5,2.3,6.4,8.9,19.0,10.0,3.0,2.0,2.0,caen
Malela Mutuale,"1m88",32,5.0,1.9,1.6,8,"5-3",21.9,"36.8%","27.8%","32.4%","55%",0.1,1.9,1.6,0.6,1.1,0.0,1.9,5.0,3.8,9.0,4.0,5.0,2.0,0.0,caen
Carl Ona Embo,"1m88",34,2.9,0.6,1.7,14,"8-6",13.3,"62.5%","35.7%","41.7%","50%",0.1,0.6,1.7,0.5,0.4,0.0,0.9,2.9,3.7,12.0,3.0,4.0,2.0,0.0,caen
Matheo Radnic,-,,1.8,1.0,0.3,6,"5-1",6.3,"25%","66.7%","42.9%","75%",0.0,1.0,0.3,0.2,0.3,0.0,1.0,1.8,2.2,6.0,2.0,2.0,1.0,0.0,caen
Mamadou Ndiaye,"2m03",28,1.3,1.0,0.7,3,"2-1",4.3,"100%","0%","40%",-,0.0,1.0,0.7,0.3,0.3,1.0,1.0,1.3,3.0,4.0,3.0,1.0,1.0,3.0,caen
Duvaughn Maxwell,"2m01",32,17.5,7.0,5.0,2,"1-1",29.5,"54.5%","66.7%","56%","35.7%",3.5,7.0,5.0,1.0,4.5,0.0,4.0,17.5,16.0,23.0,9.0,6.0,2.0,0.0,challans
Radshad Davis,"1m91",27,16.5,6.0,2.1,20,"10-10",27.2,"56.8%","37.3%","51.1%","86.4%",2.0,6.0,2.1,1.3,1.9,0.3,2.5,16.5,18.1,35.0,13.0,9.0,3.0,1.0,challans
Marc Gosselin,"2m01",27,12.0,4.9,1.8,21,"11-10",26.9,"59.6%","34.2%","48.6%","82.6%",1.8,4.9,1.8,0.7,1.6,0.6,2.1,12.0,13.5,20.0,12.0,5.0,3.0,4.0,challans
Paul Turpin,"1m92",30,9.9,3.2,3.3,22,"11-11",28.8,"37.3%","37%","37.1%","69%",0.4,3.2,3.3,0.6,1.5,0.0,1.1,9.9,9.4,24.0,7.0,7.0,2.0,1.0,challans
Jerrell Wright,"2m03",32,9.1,4.7,1.0,14,"6-8",18.1,"57.1%","25%","55.7%","60.4%",1.9,4.7,1.0,0.5,1.6,0.1,1.4,9.1,9.7,23.0,13.0,3.0,2.0,1.0,challans
Mohammad Diop,"2m05",24,8.0,5.3,0.8,4,"3-1",17.5,"50%","20%","45.2%","50%",1.8,5.3,0.8,0.8,2.5,0.8,1.3,8.0,8.0,13.0,8.0,2.0,2.0,1.0,challans
Gary Berchel,"2m03",25,7.9,4.6,1.4,20,"9-11",24.6,"55.7%","20.4%","43.1%","74.4%",1.5,4.6,1.4,0.7,1.4,0.6,2.2,7.9,9.4,18.0,9.0,4.0,2.0,4.0,challans
Patrick Clerence,"2m04",35,7.0,3.7,0.9,21,"11-10",19.7,"40%","50%","40.3%","61.7%",0.9,3.7,0.9,0.7,1.5,0.5,3.3,7.0,6.4,28.0,9.0,2.0,3.0,2.0,challans
Gregory Bengaber,"1m88",26,7.0,2.0,2.0,4,"3-1",16.0,"78.6%","0%","64.7%","75%",0.8,2.0,2.0,0.5,0.5,0.0,2.3,7.0,9.0,12.0,3.0,4.0,2.0,0.0,challans
Jeremy Bichard,"1m86",33,6.4,1.9,4.9,22,"11-11",22.2,"56.9%","28.3%","43.2%","55.2%",0.3,1.9,4.9,1.5,2.5,0.0,2.0,6.4,8.4,17.0,5.0,11.0,4.0,1.0,challans
Lucas Plasse,"1m85",26,6.2,1.6,2.8,22,"11-11",20.9,"21.7%","35%","30.2%","82.5%",0.3,1.6,2.8,0.8,1.5,0.0,1.0,6.2,5.5,15.0,4.0,7.0,3.0,0.0,challans
Anthony Prugnieres,"2m00",31,4.9,3.6,0.8,21,"10-11",18.5,"50%","37.5%","45.6%","86.1%",0.9,3.6,0.8,0.4,1.3,0.1,1.5,4.9,6.5,16.0,7.0,5.0,2.0,1.0,challans
Issa Fofana,"2m00",20,1.4,1.3,0.0,7,"3-4",7.1,"44.4%",-,"44.4%","40%",0.7,1.3,0.0,0.1,0.7,0.3,1.9,1.4,1.3,5.0,3.0,0.0,1.0,2.0,challans
Chimezie Offurum,"1m97",,11.0,4.7,1.8,22,"15-7",22.0,"54.9%","34.6%","51.8%","70%",1.1,4.7,1.8,0.9,2.0,0.5,2.4,11.0,11.9,22.0,9.0,6.0,3.0,3.0,chartres
Max Kouguere,"1m98",36,10.2,4.9,2.3,12,"9-3",25.3,"47.4%","47.9%","47.7%","81%",0.8,4.9,2.3,0.8,1.7,0.2,2.3,10.2,12.6,22.0,11.0,6.0,2.0,1.0,chartres
Kakou Kouame,"2m11",26,9.5,6.3,0.9,18,"13-5",19.7,"59.7%","0%","57.7%","76.3%",2.4,6.3,0.9,0.5,1.6,0.7,2.8,9.5,12.9,23.0,11.0,2.0,2.0,2.0,chartres
Lucas Thevenard,"2m03",25,9.2,6.1,1.0,20,"13-7",22.5,"58.4%","34.3%","51.6%","67.2%",2.3,6.1,1.0,0.7,1.5,1.1,2.0,9.2,12.4,16.0,13.0,4.0,3.0,4.0,chartres
Calvin Hippolyte,"1m98",23,8.9,5.2,1.0,22,"15-7",20.5,"53.2%","14.3%","48.1%","61%",1.2,5.2,1.0,1.2,1.6,0.2,2.0,8.9,10.0,24.0,10.0,5.0,3.0,1.0,chartres
Ahmed Doumbia,"1m95",34,7.3,3.2,5.3,10,"7-3",25.4,"27.3%","40.5%","35.6%","80%",0.2,3.2,5.3,0.6,2.1,0.0,1.8,7.3,10.1,16.0,6.0,9.0,2.0,0.0,chartres
Fabien Ateba,"1m95",32,7.2,1.8,0.9,18,"12-6",16.5,"50%","35.4%","39.5%","71.4%",0.3,1.8,0.9,0.3,1.2,0.0,1.4,7.2,5.0,23.0,6.0,3.0,2.0,0.0,chartres
Marc-Antoine Pellin,"1m71",36,7.1,2.2,6.4,17,"12-5",25.6,"53.5%","22.7%","46.2%","85.3%",0.5,2.2,6.4,1.6,3.2,0.0,1.8,7.1,10.9,19.0,5.0,12.0,4.0,0.0,chartres
Florian Fortas,"1m91",23,6.5,2.0,2.3,22,"15-7",19.8,"41.6%","29.3%","36.3%","64.4%",0.6,2.0,2.3,1.2,1.8,0.1,2.0,6.5,5.7,15.0,5.0,7.0,5.0,1.0,chartres
Valentin Mukuna,"2m06",30,6.3,3.2,0.7,22,"15-7",14.3,"64.5%",-,"64.5%","70.4%",1.0,3.2,0.7,0.4,1.0,0.3,2.5,6.3,8.1,14.0,8.0,2.0,2.0,2.0,chartres
Thomas Prost,"1m80",27,6.1,1.2,2.5,22,"15-7",19.0,"41.9%","31.5%","34.1%","75%",0.2,1.2,2.5,1.0,1.5,0.0,2.1,6.1,5.3,13.0,5.0,5.0,3.0,1.0,chartres
Baptiste Tackamoud,"1m88",19,4.4,1.2,0.7,18,"13-5",10.1,"51.9%","29.3%","38.2%","93.8%",0.3,1.2,0.7,0.3,1.1,0.0,1.7,4.4,3.1,16.0,3.0,5.0,2.0,0.0,chartres
Jeremy Ricard,"2m00",29,2.5,3.5,2.0,2,"1-1",19.0,"25%","16.7%","20%",-,0.0,3.5,2.0,1.5,1.0,0.5,1.0,2.5,5.0,5.0,6.0,3.0,3.0,1.0,chartres
Bougari Hubert Sangare,-,,1.0,0.5,0.0,2,"1-1",2.0,"100%",-,"100%",-,0.0,0.5,0.0,0.0,0.0,0.0,0.0,1.0,1.5,2.0,1.0,0.0,0.0,0.0,chartres
Aly Goussard,-,,0.0,0.0,0.0,1,"1-0",2.0,-,"0%","0%",-,0.0,0.0,0.0,0.0,0.0,0.0,0.0,0.0,-2.0,0.0,0.0,0.0,0.0,0.0,chartres
Yanis Harrath,"1m78",25,11.9,2.2,4.0,21,"6-15",27.8,"50.5%","39.2%","45.9%","78.1%",0.8,2.2,4.0,1.3,1.6,0.0,1.9,11.9,12.4,19.0,5.0,9.0,3.0,0.0,feurs
Mamadou Faye,"1m96",30,10.6,3.9,2.4,21,"6-15",25.3,"59.1%","36.1%","45.4%","90.7%",1.1,3.9,2.4,0.6,1.2,0.5,1.9,10.6,12.4,23.0,8.0,6.0,2.0,3.0,feurs
Ludovic Martel,"2m08",23,10.5,6.1,0.7,14,"5-9",20.9,"58.1%",-,"58.1%","67.6%",2.4,6.1,0.7,0.5,2.5,0.2,2.5,10.5,11.6,17.0,12.0,3.0,1.0,1.0,feurs
Junior Zero,"1m95",26,9.5,5.0,1.1,21,"6-15",27.6,"47.8%","37.6%","41.9%","67.4%",0.7,5.0,1.1,0.8,0.9,0.4,2.2,9.5,10.8,26.0,11.0,3.0,2.0,2.0,feurs
Anthony Spinali,"1m95",26,9.4,4.3,2.4,18,"5-13",26.4,"41.3%","38.2%","39.7%","67.7%",0.9,4.3,2.4,1.5,1.8,0.2,2.4,9.4,10.5,17.0,8.0,5.0,5.0,1.0,feurs
Eddy Djedje,"1m99",28,8.3,2.8,1.8,19,"5-14",22.5,"53.4%","38.9%","50.9%","71.7%",0.7,2.8,1.8,0.4,2.3,0.3,3.7,8.3,7.6,19.0,5.0,6.0,1.0,2.0,feurs
Mike Fofana,"2m06",26,7.6,3.0,0.8,14,"4-10",18.1,"46.2%","30.4%","38.8%","100%",0.6,3.0,0.8,0.6,0.7,0.4,1.9,7.6,7.4,21.0,8.0,3.0,3.0,1.0,feurs
Henry Preira,"2m00",29,5.8,4.6,0.8,5,"1-4",19.6,"54.5%","0%","52.2%","45.5%",3.0,4.6,0.8,0.6,1.6,1.0,2.8,5.8,7.8,10.0,8.0,2.0,1.0,2.0,feurs
Damien Archinard,"1m93",25,5.3,1.5,2.9,19,"6-13",19.3,"45.7%","37.8%","41.3%","68%",0.4,1.5,2.9,0.7,1.4,0.1,2.5,5.3,6.2,12.0,4.0,8.0,4.0,1.0,feurs
Hugo Comby,"1m85",23,5.3,1.0,0.7,20,"6-14",13.6,"36.4%","32.8%","34.3%","92.9%",0.3,1.0,0.7,0.4,0.8,0.0,1.2,5.3,3.0,21.0,5.0,2.0,2.0,0.0,feurs
Naim Houstani,"1m80",21,4.9,1.1,1.9,21,"6-15",13.2,"49.1%","17.3%","33.3%","74.2%",0.3,1.1,1.9,1.1,0.8,0.0,1.5,4.9,4.5,12.0,4.0,6.0,4.0,1.0,feurs
Ismael Cadiau,"1m95",25,2.7,3.7,2.3,3,"1-2",24.7,"33.3%","10%","18.8%","25%",0.7,3.7,2.3,0.7,1.0,0.0,1.3,2.7,3.0,4.0,4.0,3.0,1.0,0.0,feurs
Lambert Chavarin,"1m85",24,0.0,1.0,0.5,2,"0-2",11.0,"0%",-,"0%",-,0.5,1.0,0.5,0.0,0.0,0.0,0.5,0.0,1.0,0.0,2.0,1.0,0.0,0.0,feurs
Moses Greenwood,"2m01",26,14.3,6.8,0.6,22,"16-6",29.5,"57.1%","41.1%","53.2%","67.2%",1.9,6.8,0.6,1.3,1.5,1.1,2.4,14.3,16.7,26.0,13.0,3.0,4.0,3.0,hyeres-toulon
Quentin Losser,"2m02",24,11.5,7.5,1.5,22,"16-6",27.5,"63.1%","25%","62.2%","67.3%",2.8,7.5,1.5,1.0,1.5,0.3,2.6,11.5,16.5,21.0,14.0,4.0,2.0,2.0,hyeres-toulon
Theo Lefebvre,"1m80",28,10.6,2.6,6.5,22,"16-6",24.7,"41.4%","40.5%","41%","69.4%",0.5,2.6,6.5,1.2,2.2,0.0,2.7,10.6,13.0,20.0,5.0,11.0,4.0,0.0,hyeres-toulon
Nikola Knezevic,"1m93",37,9.3,2.8,1.6,22,"16-6",21.9,"52.9%","36.4%","47.1%","83.7%",0.9,2.8,1.6,1.0,1.1,0.2,2.7,9.3,9.6,17.0,11.0,5.0,4.0,2.0,hyeres-toulon
Junior Ouattara,"1m90",23,8.8,2.7,1.5,22,"16-6",26.2,"48.8%","30.9%","40.8%","67.1%",0.4,2.7,1.5,0.6,1.3,0.3,1.8,8.8,7.5,31.0,11.0,6.0,2.0,1.0,hyeres-toulon
Maxim Eugene,"1m90",23,8.3,2.5,1.9,22,"16-6",27.9,"41.3%","25.3%","34.1%","75.4%",0.5,2.5,1.9,1.0,1.5,0.2,2.5,8.3,6.7,21.0,6.0,5.0,3.0,1.0,hyeres-toulon
Clifford Colimon,"1m82",34,6.7,0.0,0.7,3,"2-1",14.3,"33.3%","33.3%","33.3%","80%",0.0,0.0,0.7,0.3,0.3,0.0,1.3,6.7,3.0,9.0,0.0,2.0,1.0,0.0,hyeres-toulon
Thibault Daval-Braquet,"2m10",26,5.2,3.1,0.2,11,"10-1",10.8,"67.6%",-,"67.6%","78.6%",1.7,3.1,0.2,0.4,0.9,0.2,1.9,5.2,6.8,11.0,7.0,1.0,2.0,2.0,hyeres-toulon
Mantvydas Staniulis,"1m86",26,4.5,0.6,2.8,16,"12-4",14.9,"28.6%","41%","36.7%","80%",0.1,0.6,2.8,0.4,1.9,0.0,1.3,4.5,3.9,18.0,5.0,7.0,1.0,0.0,hyeres-toulon
Camille Jean,"1m88",21,3.7,0.8,1.3,18,"12-6",10.7,"54.8%","25.9%","41.4%","84.6%",0.2,0.8,1.3,0.6,0.6,0.0,0.9,3.7,3.8,18.0,4.0,8.0,2.0,0.0,hyeres-toulon
Arthur Simon,"2m01",22,3.2,2.0,0.3,22,"16-6",9.8,"53.1%","17.9%","40.3%","50%",0.7,2.0,0.3,0.2,0.8,0.1,1.5,3.2,2.8,11.0,6.0,2.0,1.0,1.0,hyeres-toulon
Oumarou Baradji,"2m02",34,2.6,3.0,1.0,9,"4-5",12.1,"47.4%","50%","47.6%","66.7%",1.3,3.0,1.0,0.7,1.1,0.0,2.6,2.6,4.8,7.0,5.0,5.0,3.0,0.0,hyeres-toulon
Enki Diarra Gentes,"1m98",20,0.0,0.0,0.0,3,"3-0",4.0,-,"0%","0%",-,0.0,0.0,0.0,0.0,0.7,0.0,0.0,0.0,-2.0,0.0,0.0,0.0,0.0,0.0,hyeres-toulon
Valentin Bigote,"1m97",31,15.4,4.4,4.0,21,"12-9",27.7,"54.2%","35.1%","46.7%","83%",0.8,4.4,4.0,1.1,3.0,0.5,2.4,15.4,16.4,28.0,8.0,9.0,5.0,3.0,le-havre
Fred Thomas,"1m95",30,12.3,4.1,3.1,14,"8-6",29.6,"58.1%","23.7%","48.1%","75.5%",1.0,4.1,3.1,1.1,2.2,0.9,2.2,12.3,13.6,21.0,9.0,4.0,4.0,2.0,le-havre
Pierre Hannequin,"1m90",25,10.6,2.5,4.5,19,"11-8",26.5,"51.4%","37.5%","44.4%","78.7%",0.7,2.5,4.5,0.8,1.8,0.2,2.7,10.6,11.9,23.0,5.0,9.0,3.0,1.0,le-havre
Ruphin Kayembe,"2m00",31,10.4,4.9,1.1,21,"12-9",20.7,"62.9%",-,"62.9%","63.4%",1.9,4.9,1.1,0.2,2.1,0.1,2.9,10.4,10.9,24.0,9.0,4.0,2.0,2.0,le-havre
Mickael Var,"2m06",33,9.0,5.8,1.3,22,"12-10",21.3,"48.2%","29.4%","39.9%","71.8%",1.6,5.8,1.3,1.0,1.2,0.0,2.0,9.0,10.7,26.0,15.0,4.0,3.0,1.0,le-havre
Guillaume Payen,"1m96",34,8.8,5.7,3.2,6,"3-3",27.5,"45.5%","25%","37.7%","61.5%",0.5,5.7,3.2,1.0,2.0,0.7,1.5,8.8,11.0,13.0,8.0,6.0,4.0,2.0,le-havre
Damien Nseke Ebele,"1m99",23,8.7,3.8,2.0,22,"12-10",22.8,"59.3%","26.5%","51.4%","75%",1.2,3.8,2.0,0.4,1.2,0.3,2.2,8.7,10.3,23.0,7.0,5.0,3.0,2.0,le-havre
Dennis Ona Embo,"1m78",25,8.3,1.5,3.0,22,"12-10",19.4,"61.2%","32.4%","46.4%","72.1%",0.1,1.5,3.0,1.0,1.3,0.0,2.5,8.3,8.5,17.0,3.0,7.0,5.0,0.0,le-havre
Tony Housieaux,"1m99",34,8.2,3.0,1.6,21,"11-10",23.4,"39.6%","41.4%","40.7%","72.2%",0.4,3.0,1.6,0.8,1.3,0.0,2.3,8.2,8.0,16.0,7.0,3.0,3.0,0.0,le-havre
Moustapha Diop,"2m06",20,3.3,2.0,0.3,20,"11-9",7.9,"53.3%",-,"53.3%","66.7%",0.7,2.0,0.3,0.4,0.5,0.2,1.5,3.3,4.1,13.0,6.0,1.0,3.0,2.0,le-havre
Fernando Raposo,"2m08",34,1.3,3.3,0.1,8,"4-4",14.5,"25%",-,"25%","57.1%",1.0,3.3,0.1,0.3,1.5,0.4,3.0,1.3,2.3,6.0,7.0,1.0,1.0,2.0,le-havre
Zaion Nebot,"1m87",19,1.1,0.4,0.7,20,"12-8",6.9,"54.5%","16.7%","34.8%","80%",0.0,0.4,0.7,0.3,0.2,0.0,0.9,1.1,1.4,6.0,2.0,3.0,2.0,0.0,le-havre
Kevan Moreno,"1m92",21,1.0,0.5,0.0,2,"2-0",1.5,-,"0%","0%","100%",0.0,0.5,0.0,0.0,0.0,0.0,0.5,1.0,1.0,2.0,1.0,0.0,0.0,0.0,le-havre
Allan Marius,-,20,1.0,0.5,1.5,2,"1-1",5.0,-,-,-,"100%",0.0,0.5,1.5,0.0,0.5,0.0,0.0,1.0,2.5,2.0,1.0,2.0,0.0,0.0,le-havre
Jean-Michel Mipoka,"1m98",38,17.9,4.6,1.2,17,"5-12",27.4,"53.4%","36.1%","47.2%","79.7%",0.7,4.6,1.2,0.8,2.3,0.2,2.6,17.9,14.5,35.0,8.0,4.0,2.0,2.0,les-sables-vendee
Quatarrius Wilson,"2m02",27,17.8,9.2,1.1,9,"5-4",29.7,"60.6%","20%","55%","64.9%",3.3,9.2,1.1,1.0,3.1,0.6,2.8,17.8,18.9,22.0,12.0,2.0,2.0,2.0,les-sables-vendee
Gregory Lessort,"1m98",38,12.1,4.7,1.6,11,"3-8",23.6,"66.7%","33.3%","64.3%","76.7%",2.1,4.7,1.6,1.2,1.6,0.2,2.7,12.1,14.8,24.0,11.0,4.0,3.0,1.0,les-sables-vendee
Robert Ukawuba,"1m91",29,10.9,3.7,2.8,15,"8-7",25.1,"46.2%","32.6%","41.1%","77%",1.0,3.7,2.8,1.1,3.9,0.0,2.3,10.9,8.8,25.0,12.0,6.0,2.0,0.0,les-sables-vendee
Frederic Loubaki,"1m92",26,9.9,3.2,5.0,13,"6-7",24.2,"44.9%","21.9%","35.8%","76.2%",0.4,3.2,5.0,1.5,2.8,0.1,3.2,9.9,11.3,19.0,6.0,11.0,4.0,1.0,les-sables-vendee
Louis Prolhac,"1m77",32,9.3,2.8,4.9,22,"8-14",30.0,"52.8%","38.1%","41.8%","82.5%",0.6,2.8,4.9,1.7,2.1,0.0,2.5,9.3,12.4,18.0,8.0,12.0,4.0,1.0,les-sables-vendee
Francois Matip,"2m00",23,7.7,5.2,1.3,11,"5-6",26.0,"40.7%","38.7%","40%","45.5%",2.5,5.2,1.3,0.7,2.4,0.5,3.0,7.7,7.9,23.0,11.0,3.0,2.0,2.0,les-sables-vendee
Thomas Klein,"2m00",21,6.1,3.3,1.4,19,"6-13",20.5,"60%","23.5%","53.3%","61.9%",1.3,3.3,1.4,0.9,1.4,0.2,2.4,6.1,7.7,14.0,9.0,5.0,3.0,1.0,les-sables-vendee
Alexis Thibault,"1m94",28,5.5,2.8,1.7,22,"8-14",22.6,"46.3%","34.8%","39.3%","63.6%",0.3,2.8,1.7,0.5,1.5,0.0,2.5,5.5,5.9,16.0,6.0,5.0,2.0,1.0,les-sables-vendee
Jalen Warren,"1m91",24,5.0,1.8,2.8,4,"0-4",14.0,"38.5%","12.5%","28.6%","58.3%",0.3,1.8,2.8,1.0,1.8,0.0,2.5,5.0,3.8,8.0,3.0,6.0,2.0,0.0,les-sables-vendee
Christopher Manerlax,"2m04",21,4.6,3.6,0.6,18,"8-10",14.7,"71.8%",-,"71.8%","48.2%",0.7,3.6,0.6,0.4,1.2,0.9,1.7,4.6,6.6,12.0,8.0,2.0,2.0,4.0,les-sables-vendee
Joris Bado,"1m92",32,4.5,1.7,0.7,19,"6-13",15.5,"50%","24.2%","31.9%","64.3%",0.5,1.7,0.7,0.3,1.0,0.1,1.4,4.5,2.6,20.0,4.0,5.0,2.0,2.0,les-sables-vendee
Sidy Djitte,"2m08",29,4.3,3.6,0.7,7,"2-5",13.6,"80%",-,"80%","60%",1.0,3.6,0.7,0.1,1.3,0.1,2.1,4.3,6.6,9.0,9.0,1.0,1.0,1.0,les-sables-vendee
Noah Goudou-Sinha,"1m89",21,3.0,1.0,1.3,11,"4-7",12.3,"25%","33.3%","29.2%","68.2%",0.4,1.0,1.3,0.7,2.0,0.0,2.2,3.0,1.8,12.0,4.0,7.0,2.0,0.0,les-sables-vendee
Louka Couedel,-,,1.7,0.3,0.0,3,"3-0",1.7,-,"100%","100%","66.7%",0.0,0.3,0.0,0.0,0.0,0.0,0.0,1.7,1.7,3.0,1.0,0.0,0.0,0.0,les-sables-vendee
Leo Dujardin,-,,0.6,1.0,0.5,8,"2-6",7.0,"33.3%","25%","28.6%",-,0.1,1.0,0.5,0.6,0.5,0.0,1.1,0.6,1.6,3.0,4.0,2.0,3.0,0.0,les-sables-vendee
Jordan Robertson,"1m98",27,13.2,2.2,1.7,21,"11-10",24.5,"50.7%","33.3%","45%","77.1%",0.6,2.2,1.7,0.9,2.2,0.1,1.9,13.2,9.3,21.0,5.0,6.0,5.0,1.0,loon-plage
Paul-Lou Duwiquet,"1m95",28,11.5,2.2,3.7,18,"11-7",28.2,"51.4%","39.2%","45.1%","73.1%",0.1,2.2,3.7,0.9,3.0,0.0,2.5,11.5,9.8,24.0,4.0,9.0,4.0,0.0,loon-plage
Theo Rey,"1m91",23,11.2,3.6,2.3,21,"12-9",22.4,"45.6%","29.4%","37.3%","78.9%",0.5,3.6,2.3,1.1,1.8,0.0,1.9,11.2,9.6,24.0,8.0,6.0,4.0,0.0,loon-plage
Mohammad Diop,"2m05",24,9.2,7.3,0.7,6,"2-4",24.3,"53.3%","7.7%","43.1%","57.1%",1.7,7.3,0.7,1.0,1.2,0.7,2.0,9.2,11.7,18.0,16.0,2.0,2.0,2.0,loon-plage
Hugo Desseignet,"1m72",20,8.2,2.7,5.1,22,"12-10",24.5,"54.9%","13.6%","44%","51.9%",0.5,2.7,5.1,2.0,2.6,0.0,1.9,8.2,10.1,17.0,7.0,13.0,7.0,1.0,loon-plage
Seraphin Saumont,"2m00",29,7.0,3.1,1.6,22,"12-10",26.0,"50%","43.2%","45.1%","75%",0.7,3.1,1.6,1.3,1.0,0.2,2.7,7.0,9.1,18.0,8.0,4.0,4.0,1.0,loon-plage
Clement Peinte,"1m95",26,6.2,3.1,1.1,22,"12-10",25.0,"69.6%","43%","49%","42.9%",0.4,3.1,1.1,0.9,0.8,0.1,2.5,6.2,8.1,17.0,10.0,4.0,3.0,1.0,loon-plage
Fodie Cissoko,"2m00",31,5.8,4.7,0.9,19,"9-10",20.7,"54.3%","30%","51.6%","56%",1.7,4.7,0.9,0.8,1.1,0.2,2.6,5.8,8.6,13.0,10.0,3.0,2.0,1.0,loon-plage
Ousmane Camara,"2m02",34,5.7,6.2,1.4,10,"7-3",23.2,"51.2%",-,"51.2%","68.2%",2.4,6.2,1.4,0.5,2.5,0.3,2.2,5.7,8.9,14.0,11.0,3.0,2.0,1.0,loon-plage
Mouhamed Thiam,"2m08",22,5.2,2.7,0.4,19,"11-8",12.1,"68.3%",-,"68.3%","38.7%",0.9,2.7,0.4,0.4,1.1,0.5,2.4,5.2,6.1,13.0,8.0,2.0,2.0,3.0,loon-plage
Ibrahim Dansoko,"2m03",21,2.9,2.3,0.3,15,"7-8",10.7,"48.8%","0%","47.7%","100%",0.9,2.3,0.3,0.3,1.2,0.0,2.2,2.9,3.0,6.0,6.0,2.0,2.0,0.0,loon-plage
Willan Hairabetian,"1m89",20,2.2,0.2,0.0,5,"3-2",8.6,"40%","28.6%","33.3%","33.3%",0.0,0.2,0.0,0.2,0.8,0.0,1.0,2.2,-0.2,9.0,1.0,0.0,1.0,0.0,loon-plage
Cheikh Diallo,"1m91",27,2.0,1.0,0.2,5,"2-3",8.6,"20%","14.3%","16.7%","62.5%",0.2,1.0,0.2,0.2,0.6,0.0,0.6,2.0,0.2,5.0,3.0,1.0,1.0,0.0,loon-plage
Jamar Abrams,"2m01",34,14.8,4.6,0.8,16,"6-10",28.8,"49.3%","37.4%","42.3%","75%",0.8,4.6,0.8,0.9,1.6,0.1,2.3,14.8,12.1,25.0,8.0,3.0,2.0,1.0,lorient
Hugo Suhard,"1m84",31,14.6,2.2,5.2,22,"8-14",31.1,"47.3%","39.6%","43%","77.6%",0.2,2.2,5.2,1.0,2.2,0.0,2.1,14.6,13.7,30.0,5.0,11.0,3.0,0.0,lorient
Fabio Milanese,"1m90",20,11.3,2.1,3.0,10,"3-7",20.3,"52.4%","38.9%","46.2%","73%",0.6,2.1,3.0,0.7,1.5,0.0,2.2,11.3,10.4,19.0,4.0,6.0,3.0,0.0,lorient
Pape Beye,"2m02",33,10.4,4.5,0.4,22,"8-14",20.5,"67.5%",-,"67.5%","75%",1.8,4.5,0.4,0.3,2.2,0.5,2.8,10.4,11.1,18.0,16.0,3.0,1.0,3.0,lorient
Jordan Williams,"2m03",28,9.8,5.9,2.5,13,"5-8",23.8,"60.5%",-,"60.5%","68.2%",1.7,5.9,2.5,0.5,2.6,0.3,2.2,9.8,12.8,19.0,13.0,6.0,2.0,1.0,lorient
Kevin Mondesir,"2m04",32,9.6,4.5,1.5,19,"8-11",24.0,"56.3%","30.6%","42.6%","84.6%",1.2,4.5,1.5,0.5,2.7,0.2,3.4,9.6,9.1,20.0,10.0,6.0,2.0,2.0,lorient
Matthieu Robin,"1m89",31,8.1,4.8,4.3,22,"8-14",29.2,"44.6%","34%","40.3%","74.7%",1.5,4.8,4.3,0.9,2.6,0.1,2.7,8.1,11.2,16.0,10.0,7.0,2.0,1.0,lorient
David Jean-Baptiste,"1m84",,6.3,1.4,0.7,9,"3-6",14.4,"64.7%","25.6%","37.5%","100%",0.3,1.4,0.7,0.7,1.0,0.0,1.8,6.3,4.2,13.0,6.0,3.0,3.0,0.0,lorient
Gregory Bengaber,"1m88",26,4.4,1.9,2.3,7,"2-5",16.6,"60%","14.3%","45.5%","52.6%",0.4,1.9,2.3,1.3,1.6,0.0,3.3,4.4,5.3,8.0,4.0,6.0,3.0,0.0,lorient
Quentin Hanck,"1m92",30,4.4,1.6,0.6,19,"7-12",14.4,"38.9%","37%","37.5%","83.3%",0.5,1.6,0.6,0.2,0.6,0.2,1.9,4.4,4.0,13.0,4.0,3.0,1.0,1.0,lorient
Abdoulaye Sy,"2m01",28,3.8,3.7,1.8,15,"6-9",18.8,"53.6%","22.2%","41.3%","71.4%",0.4,3.7,1.8,0.5,1.5,0.1,2.5,3.8,6.1,8.0,7.0,4.0,2.0,1.0,lorient
Ousmane Gueye,-,22,2.5,1.6,0.4,20,"7-13",11.7,"41.7%","32%","36.7%","71.4%",0.6,1.6,0.4,0.3,0.8,0.0,1.7,2.5,2.2,7.0,4.0,1.0,2.0,0.0,lorient
Alexis Ville,-,,2.0,2.0,0.5,2,"0-2",12.5,"66.7%","0%","50%",-,1.0,2.0,0.5,0.0,0.0,0.0,1.5,2.0,3.5,4.0,3.0,1.0,0.0,0.0,lorient
Claudien Eliezer-Vanerot,"1m92",22,1.2,1.7,1.8,13,"5-8",12.5,"29.2%","0%","26.9%","100%",0.3,1.7,1.8,0.6,1.2,0.2,2.4,1.2,2.9,5.0,6.0,7.0,2.0,1.0,lorient
Marvin Rosele,"2m03",21,0.0,0.0,0.0,1,"0-1",2.0,-,-,-,-,0.0,0.0,0.0,0.0,0.0,0.0,0.0,0.0,0.0,0.0,0.0,0.0,0.0,0.0,lorient
Jordan Barham,"1m95",29,16.5,5.0,1.3,4,"2-2",26.5,"53.7%","100%","54.8%","76%",0.8,5.0,1.3,1.3,2.8,0.0,2.0,16.5,15.0,21.0,7.0,2.0,2.0,0.0,lyon
Thibault Desseignet,"1m79",25,12.9,3.5,5.1,22,"8-14",30.0,"48.6%","21.5%","37.7%","76.3%",0.7,3.5,5.1,1.4,3.0,0.0,2.4,12.9,12.1,21.0,9.0,11.0,6.0,0.0,lyon
Kiady Razanamahenina,"1m85",27,12.9,1.9,2.4,18,"5-13",25.5,"47.1%","30.7%","39.6%","73.6%",0.3,1.9,2.4,0.9,1.9,0.1,1.6,12.9,8.7,24.0,5.0,6.0,3.0,1.0,lyon
Dylan Gana,"2m00",31,12.0,7.5,4.0,2,"1-1",33.0,"40%","33.3%","35.3%","61.5%",1.0,7.5,4.0,2.0,3.5,0.0,2.0,12.0,14.0,16.0,9.0,4.0,3.0,0.0,lyon
Sya Plaucoste,"1m93",22,11.5,3.0,1.4,22,"8-14",27.7,"52.8%","19.1%","37.8%","69.4%",0.5,3.0,1.4,1.6,1.9,0.5,1.3,11.5,8.0,21.0,6.0,4.0,5.0,1.0,lyon
Joshua Sykes,"2m03",27,10.2,4.5,0.8,11,"5-6",22.2,"62%",-,"62%","51.1%",0.9,4.5,0.8,0.5,2.8,1.2,3.2,10.2,9.8,16.0,13.0,2.0,2.0,3.0,lyon
Bastien Albert,"2m02",29,7.7,6.3,1.6,19,"7-12",22.9,"55.1%","100%","55.5%","35.9%",2.9,6.3,1.6,1.3,1.4,0.5,3.7,7.7,11.8,18.0,11.0,6.0,3.0,2.0,lyon
Francois Wibaut,"2m00",18,6.1,4.1,0.8,17,"4-13",17.4,"56.4%","21.9%","43.7%","76.9%",1.3,4.1,0.8,0.7,1.1,0.1,2.7,6.1,7.5,16.0,11.0,4.0,4.0,1.0,lyon
Ousseynou Laye Basse,"1m98",31,5.2,3.8,1.0,5,"0-5",14.0,"47.8%","0%","44%","80%",0.6,3.8,1.0,0.8,2.0,0.2,0.8,5.2,6.0,17.0,8.0,3.0,3.0,1.0,lyon
Matheo Vidalenche,"2m02",21,4.6,2.9,0.7,21,"7-14",17.0,"51.2%","42.9%","47.4%","45.5%",1.0,2.9,0.7,0.4,0.6,0.4,2.0,4.6,6.0,12.0,7.0,3.0,2.0,1.0,lyon
Georgi Joseph,"2m00",41,4.5,4.2,1.9,19,"6-13",23.1,"43.2%","0%","42.7%","80.8%",1.7,4.2,1.9,1.1,2.3,0.3,3.0,4.5,7.2,10.0,9.0,4.0,2.0,3.0,lyon
Noah Manet,"1m93",19,3.7,1.9,0.6,15,"6-9",16.5,"40%","30%","34%","80%",0.4,1.9,0.6,0.5,0.5,0.0,1.3,3.7,3.7,15.0,5.0,2.0,2.0,0.0,lyon
Kevin Joss Rauze,"1m90",35,3.4,1.2,1.8,19,"8-11",22.6,"38.5%","40.5%","40%","58.8%",0.3,1.2,1.8,0.8,1.3,0.0,2.5,3.4,4.0,9.0,5.0,4.0,3.0,0.0,lyon
Ryan Nken,-,,2.0,0.0,0.0,1,"1-0",1.0,"100%",-,"100%",-,0.0,0.0,0.0,0.0,0.0,0.0,0.0,2.0,2.0,2.0,0.0,0.0,0.0,0.0,lyon
Killian Olivieri,-,,0.3,0.0,0.7,3,"3-0",2.7,-,"0%","0%","50%",0.0,0.0,0.7,0.0,1.0,0.0,0.0,0.3,-0.7,1.0,0.0,1.0,0.0,0.0,lyon
Bradley Coquatrix,-,,0.0,0.0,0.0,1,"1-0",1.0,-,-,-,-,0.0,0.0,0.0,0.0,0.0,0.0,0.0,0.0,0.0,0.0,0.0,0.0,0.0,0.0,lyon
Victor Serrano,"2m10",34,14.7,7.6,1.9,22,"12-10",26.7,"46.7%","47.1%","46.7%","79.5%",2.6,7.6,1.9,0.7,2.0,0.5,1.9,14.7,16.0,27.0,15.0,6.0,2.0,2.0,mulhouse
Jonathan Andre,"2m00",26,12.7,5.7,0.7,3,"2-1",28.3,"52.4%","20%","38.9%","87.5%",1.3,5.7,0.7,1.7,2.3,0.3,3.0,12.7,11.0,14.0,7.0,2.0,3.0,1.0,mulhouse
Samuel Eyango-Dingo,"2m07",22,11.8,5.2,1.2,19,"10-9",19.3,"57.9%","46.2%","55.8%","62.8%",1.4,5.2,1.2,0.8,2.6,0.9,3.1,11.8,12.4,19.0,12.0,4.0,2.0,3.0,mulhouse
Florian Pouaveyoun,"2m03",24,10.0,7.8,2.5,22,"12-10",29.5,"55.1%","11.8%","51.3%","38.9%",2.9,7.8,2.5,1.8,1.7,0.9,1.5,10.0,15.5,17.0,12.0,7.0,5.0,3.0,mulhouse
Lucas Veraghe,"1m97",22,9.4,2.9,3.7,20,"10-10",23.8,"31.1%","38.2%","36.1%","79.2%",0.7,2.9,3.7,1.1,2.2,0.2,3.0,9.4,9.8,18.0,5.0,10.0,5.0,1.0,mulhouse
Hugo Minnig,"1m97",21,9.0,3.5,1.7,21,"11-10",25.7,"64.4%","40%","48.5%","75.7%",0.7,3.5,1.7,0.8,0.9,0.4,2.0,9.0,10.9,22.0,12.0,7.0,2.0,2.0,mulhouse
Benjamin Mondesir,"1m95",24,8.9,1.5,1.4,19,"10-9",21.5,"47.6%","35.7%","37.4%","78.9%",0.8,1.5,1.4,0.4,0.8,0.0,2.3,8.9,6.4,17.0,4.0,4.0,2.0,0.0,mulhouse
Thomas Vincent,"1m84",26,8.8,1.7,4.3,22,"12-10",27.0,"51.4%","35.5%","39.5%","79.6%",0.2,1.7,4.3,1.0,2.1,0.0,2.7,8.8,9.3,15.0,8.0,7.0,3.0,1.0,mulhouse
Seydou Ndiaye,"1m96",23,8.3,4.5,4.3,22,"12-10",23.2,"52.7%","25%","46.5%","66.7%",1.3,4.5,4.3,0.8,3.3,0.8,1.8,8.3,11.0,16.0,7.0,10.0,2.0,4.0,mulhouse
Chris Seeley,"2m02",25,6.3,5.2,2.0,6,"3-3",19.7,"63%","0%","45.9%","50%",1.2,5.2,2.0,0.5,1.0,0.3,1.7,6.3,9.3,11.0,8.0,4.0,2.0,1.0,mulhouse
Hugo Kamdem,"2m00",21,2.9,1.8,0.6,11,"6-5",8.0,"56.3%","33.3%","52.6%","91.7%",0.6,1.8,0.6,0.3,0.7,0.0,0.9,2.9,4.0,10.0,5.0,3.0,1.0,0.0,mulhouse
Christopher Ratinet,"1m97",20,1.3,0.3,0.5,4,"4-0",4.0,"0%","50%","25%","33.3%",0.0,0.3,0.5,0.0,0.0,0.0,0.3,1.3,0.3,3.0,1.0,1.0,0.0,0.0,mulhouse
Emric Gallienne,"1m87",21,1.2,0.5,0.2,6,"5-1",5.2,"60%","0%","23.1%","50%",0.2,0.5,0.2,0.2,0.2,0.0,1.5,1.2,0.0,5.0,2.0,1.0,1.0,0.0,mulhouse
Arthur Buttner,"1m82",23,0.0,0.0,0.0,1,"1-0",8.0,-,-,-,-,0.0,0.0,0.0,0.0,0.0,0.0,0.0,0.0,0.0,0.0,0.0,0.0,0.0,0.0,mulhouse
Loïc Menuge,"1m99",24,16.0,6.0,1.4,22,"9-13",31.3,"51%","41%","44.5%","85.7%",1.6,6.0,1.4,0.7,2.1,0.1,2.5,16.0,14.9,28.0,12.0,3.0,2.0,1.0,orchies
Andrew Jones,"1m92",26,15.5,4.5,1.3,4,"2-2",30.5,"59.4%","35%","50%","100%",1.0,4.5,1.3,2.3,2.8,0.0,2.5,15.5,14.3,17.0,10.0,3.0,5.0,0.0,orchies
Louis Rucklin,"1m83",24,10.3,1.5,5.2,6,"3-3",28.7,"30.8%","26.5%","28.8%","73.3%",0.0,1.5,5.2,1.2,3.0,0.0,1.5,10.3,5.8,16.0,3.0,7.0,3.0,0.0,orchies
Moussa Mayaki,"2m00",24,9.6,4.8,0.5,19,"8-11",19.0,"56.3%","0%","55.3%","76%",1.8,4.8,0.5,0.3,1.8,0.1,2.9,9.6,10.0,29.0,9.0,2.0,2.0,1.0,orchies
Eduards Hazners,"1m92",26,9.6,1.8,0.8,8,"3-5",21.1,"42.9%","41.9%","42.2%","83.3%",0.4,1.8,0.8,0.4,2.4,0.0,1.3,9.6,5.4,17.0,4.0,2.0,1.0,0.0,orchies
Giedrius Bergaudas,"2m12",23,9.1,4.9,0.4,17,"6-11",20.8,"52.2%","26.8%","44.4%","69.4%",2.4,4.9,0.4,0.4,1.5,0.5,2.8,9.1,8.8,19.0,12.0,2.0,2.0,1.0,orchies
Aurelien Rigaux,"1m78",35,8.7,3.2,7.0,21,"9-12",31.5,"47.1%","35.8%","38.5%","91.7%",0.5,3.2,7.0,0.9,4.2,0.0,1.6,8.7,11.2,22.0,7.0,12.0,3.0,0.0,orchies
Tanguy Touze,"1m90",23,8.5,1.8,1.6,11,"5-6",17.7,"56.3%","40.5%","47.3%","77.8%",0.5,1.8,1.6,0.5,1.7,0.0,1.5,8.5,7.0,26.0,6.0,5.0,3.0,0.0,orchies
Mike Benhamed,"1m90",32,7.0,2.9,1.0,20,"8-12",17.1,"46.4%","43.8%","44.6%","100%",0.5,2.9,1.0,0.9,0.8,0.1,1.7,7.0,8.3,19.0,8.0,2.0,3.0,1.0,orchies
Dovydas Redikas,"1m93",31,6.7,5.3,5.7,3,"1-2",28.0,"22.2%","55.6%","38.9%","33.3%",0.7,5.3,5.7,0.0,4.3,0.0,1.3,6.7,9.0,9.0,9.0,6.0,0.0,0.0,orchies
Glenn Duro,"1m93",35,6.0,3.3,0.8,20,"9-11",17.3,"42.9%","58.8%","45.7%","69.7%",1.2,3.3,0.8,0.7,1.4,0.3,2.8,6.0,6.6,15.0,10.0,3.0,3.0,2.0,orchies
Christopher Tsamas,"1m85",21,4.3,0.8,0.9,20,"7-13",10.6,"48%","34.5%","38.8%","83.3%",0.3,0.8,0.9,0.2,0.9,0.0,1.3,4.3,2.8,23.0,4.0,2.0,2.0,0.0,orchies
Joffrey Verbeke,"1m95",36,4.2,3.9,3.0,22,"9-13",23.1,"41.5%","23.3%","34.9%","65.1%",1.0,3.9,3.0,1.0,1.5,0.0,1.9,4.2,7.5,14.0,9.0,8.0,3.0,1.0,orchies
Wesley Ouatongo,"1m90",23,2.7,1.5,0.3,20,"8-12",10.6,"39.5%","30.8%","37.5%","33.3%",0.7,1.5,0.3,0.2,0.7,0.0,1.8,2.7,1.5,11.0,5.0,2.0,1.0,0.0,orchies
Noah Burrell,"1m94",26,15.5,3.3,3.1,22,"8-14",29.3,"56.6%","38.2%","49.3%","82.7%",0.5,3.3,3.1,1.8,2.7,0.2,3.0,15.5,15.3,26.0,7.0,7.0,6.0,2.0,poissy
Olivier Yao-Delon,"1m93",28,12.3,2.8,0.7,22,"8-14",23.7,"51.9%","26.6%","35.7%","80.9%",0.5,2.8,0.7,1.1,1.0,0.6,1.9,12.3,9.1,21.0,8.0,3.0,3.0,3.0,poissy
Sebastien Michineau,"1m80",32,11.4,3.0,2.6,22,"8-14",25.6,"42.7%","33.3%","40%","75.7%",0.8,3.0,2.6,1.5,2.7,0.0,2.3,11.4,9.0,19.0,6.0,6.0,4.0,0.0,poissy
Louis Gibey,"2m05",23,8.5,3.3,1.0,22,"8-14",21.0,"51%","32.8%","43.9%","82.1%",1.2,3.3,1.0,0.9,1.1,0.2,1.9,8.5,8.3,20.0,9.0,3.0,3.0,1.0,poissy
Anthony Elechi,"2m03",30,7.6,4.3,0.7,22,"8-14",22.5,"59.8%","36.8%","52.8%","66.7%",1.2,4.3,0.7,0.6,1.3,0.1,1.5,7.6,8.9,17.0,10.0,2.0,3.0,1.0,poissy
Kevin Closson,"1m94",31,6.8,3.1,2.8,21,"8-13",28.8,"51.6%","27.3%","39.1%","72.7%",0.8,3.1,2.8,1.1,1.6,0.2,3.4,6.8,8.2,18.0,7.0,7.0,4.0,1.0,poissy
Mario Tonji,"2m05",24,4.9,4.8,0.4,22,"8-14",14.5,"47.4%",-,"47.4%","73.5%",1.8,4.8,0.4,0.6,1.5,0.1,2.7,4.9,6.9,10.0,10.0,2.0,3.0,1.0,poissy
Milos Pajovic,"2m04",29,3.4,1.7,1.5,21,"8-13",17.5,"47.6%","32.6%","37.5%","90.9%",0.7,1.7,1.5,0.1,1.5,0.0,2.0,3.4,3.3,9.0,6.0,4.0,1.0,0.0,poissy
Etienne Rouyre,"1m80",31,3.3,1.8,3.3,22,"8-14",17.0,"45%","0%","36%","72%",0.3,1.8,3.3,1.4,1.4,0.0,1.5,3.3,5.8,10.0,4.0,6.0,3.0,0.0,poissy
Malik Rouamba,"1m90",17,1.8,0.5,0.4,10,"3-7",5.5,"46.2%","33.3%","43.8%","100%",0.1,0.5,0.4,0.3,0.5,0.0,0.4,1.8,1.6,5.0,2.0,1.0,1.0,0.0,poissy
Lenny Caronique,"1m91",19,1.7,0.7,0.2,9,"4-5",3.7,"83.3%","16.7%","50%","100%",0.4,0.7,0.2,0.0,0.2,0.0,0.0,1.7,1.7,11.0,2.0,2.0,0.0,0.0,poissy
Nolan Traore,"1m91",17,16.8,3.2,5.2,20,"5-15",28.9,"51.4%","32.5%","43%","75.3%",0.4,3.2,5.2,2.2,3.0,0.4,2.0,16.8,16.1,29.0,9.0,11.0,9.0,1.0,pole-france
Jonas Boulefaa,"2m03",16,11.2,5.2,0.8,22,"5-17",28.6,"57.5%","38.1%","48.9%","68.3%",1.6,5.2,0.8,1.4,1.3,0.2,3.0,11.2,12.5,22.0,10.0,3.0,3.0,1.0,pole-france
Talis Soulhac,"1m88",,10.9,3.1,3.1,17,"3-14",24.9,"50.6%","31.7%","42.7%","82.6%",0.8,3.1,3.1,1.2,2.9,0.1,2.9,10.9,10.1,18.0,7.0,6.0,4.0,1.0,pole-france
Nathan Soliman,"1m98",14,7.0,2.4,0.4,7,"2-5",20.9,"57.1%","18.2%","46.2%","78.6%",1.0,2.4,0.4,1.1,1.3,0.4,1.4,7.0,6.7,15.0,6.0,2.0,2.0,2.0,pole-france
Mohamed Diakite,"2m05",17,6.8,3.6,1.1,16,"3-13",21.8,"35.7%","24%","33.6%","61.5%",1.2,3.6,1.1,1.5,1.9,0.7,2.2,6.8,5.6,14.0,10.0,3.0,5.0,3.0,pole-france
Yannis Allard,"2m00",16,5.7,2.0,1.1,21,"5-16",20.7,"52.6%","21.3%","30.3%","52.8%",0.2,2.0,1.1,0.8,1.0,0.1,2.0,5.7,3.6,16.0,5.0,3.0,3.0,1.0,pole-france
Hugo Yimga,"2m02",15,5.2,2.2,0.6,16,"3-13",17.4,"41.3%","24.1%","35.9%","71.4%",1.1,2.2,0.6,0.3,1.4,0.3,2.2,5.2,3.2,14.0,6.0,3.0,1.0,2.0,pole-france
Cameron Houindo,"2m01",15,4.6,2.4,0.4,8,"2-6",17.9,"60%",-,"60%","50%",0.9,2.4,0.4,0.8,0.9,0.3,3.1,4.6,5.4,8.0,8.0,1.0,2.0,1.0,pole-france
Henri-Soprano Mboungolo-Mounanga,"1m99",17,3.8,1.7,1.0,20,"5-15",17.6,"45.3%","21.1%","38.9%","64%",0.4,1.7,1.0,1.1,1.7,0.2,2.8,3.8,3.5,9.0,7.0,3.0,3.0,2.0,pole-france
Noa Kouakou-Heugue,"2m02",16,3.0,4.1,0.5,17,"3-14",17.4,"43.2%","23.1%","38%","62.5%",1.2,4.1,0.5,0.4,0.9,0.8,2.4,3.0,5.5,9.0,8.0,3.0,1.0,2.0,pole-france
Meissa Faye,"1m96",16,2.7,1.5,0.2,20,"5-15",11.4,"40%","24.2%","31%","81.8%",0.2,1.5,0.2,0.6,1.0,0.1,1.3,2.7,1.9,13.0,5.0,3.0,4.0,1.0,pole-france
Christopher Ebunangombe,"1m94",16,1.9,1.1,1.0,20,"5-15",11.7,"35.5%","4.3%","22.2%","63.2%",0.6,1.1,1.0,0.8,1.2,0.1,1.3,1.9,1.1,4.0,3.0,3.0,3.0,1.0,pole-france
Mehdi Chaouad,"1m99",15,1.0,0.0,0.0,2,"0-2",5.5,"50%","0%","33.3%","0%",0.0,0.0,0.0,0.0,0.0,0.0,0.0,1.0,-1.0,2.0,0.0,0.0,0.0,0.0,pole-france
Elie Ntowoa Ndenga,-,,0.4,1.6,0.4,20,"5-15",11.0,"6.7%",-,"6.7%","60%",0.5,1.6,0.4,0.5,0.5,0.2,2.4,0.4,1.6,2.0,5.0,3.0,3.0,1.0,pole-france
Abdoulaye Sy,"1m97",16,0.4,0.5,0.5,11,"0-11",5.5,"25%",-,"25%","50%",0.0,0.5,0.5,0.0,0.3,0.0,0.7,0.4,0.6,3.0,2.0,3.0,0.0,0.0,pole-france
Junior Elouma,"1m91",15,0.0,1.0,0.0,1,"0-1",9.0,-,-,-,-,0.0,1.0,0.0,0.0,1.0,0.0,1.0,0.0,0.0,0.0,1.0,0.0,0.0,0.0,pole-france
Nateo Gabriel Des bordes,"1m89",15,0.0,1.0,0.0,1,"0-1",9.0,"0%",-,"0%",-,0.0,1.0,0.0,0.0,3.0,0.0,0.0,0.0,-3.0,0.0,1.0,0.0,0.0,0.0,pole-france
Brice Eyaga Bidias,"2m03",25,15.1,6.7,1.5,22,"12-10",29.5,"60.1%","35.2%","54.4%","81.2%",2.4,6.7,1.5,1.1,2.9,1.9,2.8,15.1,17.9,32.0,13.0,6.0,2.0,5.0,pont-de-cheruy
Maydden Nnah-Ndong,"1m93",23,10.5,3.9,2.8,22,"12-10",26.0,"49%","40%","44.7%","75.7%",1.3,3.9,2.8,1.2,2.3,0.0,2.1,10.5,11.0,21.0,8.0,7.0,4.0,1.0,pont-de-cheruy
Maxime Semelet,"1m98",21,8.4,3.7,0.9,11,"8-3",20.5,"61.8%","100%","62.5%","63.6%",1.2,3.7,0.9,1.2,1.2,0.0,1.5,8.4,10.0,14.0,7.0,3.0,3.0,0.0,pont-de-cheruy
Theo Benoit,"1m83",22,7.9,1.5,3.2,22,"12-10",22.8,"33.3%","34.9%","34.4%","82.1%",0.5,1.5,3.2,0.6,2.3,0.1,1.8,7.9,6.1,19.0,4.0,7.0,2.0,1.0,pont-de-cheruy
Tom Dary-Sagnes,"1m94",22,6.9,2.6,1.1,21,"11-10",18.6,"35.6%","36.4%","36.1%","69.6%",0.5,2.6,1.1,0.6,2.0,0.0,2.0,6.9,4.8,14.0,10.0,2.0,2.0,1.0,pont-de-cheruy
Mahes Montout,"1m85",23,6.6,2.4,3.9,19,"12-7",18.5,"43%","21.4%","37.7%","64.2%",0.2,2.4,3.9,1.2,2.1,0.2,2.8,6.6,7.5,12.0,6.0,11.0,4.0,2.0,pont-de-cheruy
Ludovic Chelle,"1m84",40,6.6,2.5,1.8,22,"12-10",21.4,"40.9%","37.3%","38.6%","72.7%",0.5,2.5,1.8,0.6,1.5,0.0,1.8,6.6,6.2,15.0,10.0,7.0,2.0,1.0,pont-de-cheruy
Ambroise Couture,"2m00",21,6.1,3.5,1.3,21,"11-10",20.9,"55.8%","22.2%","47.1%","53.3%",1.5,3.5,1.3,0.4,1.7,0.2,2.3,6.1,6.3,20.0,10.0,6.0,3.0,2.0,pont-de-cheruy
Axel Dossou,"1m97",21,3.7,3.8,1.0,21,"11-10",20.4,"54.4%","0%","52.1%","40%",1.1,3.8,1.0,0.7,0.9,0.1,2.5,3.7,6.6,8.0,8.0,3.0,3.0,1.0,pont-de-cheruy
Cedrick Sam Mbaka,"1m97",21,2.4,2.3,1.0,22,"12-10",17.0,"38.9%","25.5%","29.2%","33.3%",0.3,2.3,1.0,0.4,1.1,0.1,1.7,2.4,2.8,9.0,6.0,4.0,2.0,1.0,pont-de-cheruy
Guillaume Bakadal,-,,0.4,0.6,0.2,5,"0-5",4.6,"0%","0%","0%","50%",0.2,0.6,0.2,0.2,1.0,0.0,0.2,0.4,-0.6,1.0,2.0,1.0,1.0,0.0,pont-de-cheruy
Joel Awich,"2m01",30,11.5,6.2,1.3,22,"16-6",25.7,"57%","31.9%","48%","73.6%",1.4,6.2,1.3,1.0,1.7,0.4,1.9,11.5,13.4,22.0,10.0,4.0,3.0,2.0,quimper
Antoine Wallez,"2m05",27,9.6,2.4,1.4,16,"14-2",17.0,"60.9%","22.7%","53.2%","64.7%",0.9,2.4,1.4,0.4,1.1,0.3,2.2,9.6,8.7,18.0,5.0,4.0,2.0,1.0,quimper
Antoine Dudit,"1m86",26,9.5,2.3,4.4,22,"16-6",25.3,"39.7%","33.6%","35.9%","88.6%",0.6,2.3,4.4,0.6,1.5,0.0,2.2,9.5,9.5,23.0,7.0,8.0,2.0,0.0,quimper
Benoit Injai,"1m82",26,9.0,4.1,2.7,22,"16-6",23.2,"50.8%","34.6%","42%","77.6%",1.6,4.1,2.7,1.5,1.5,0.1,2.7,9.0,11.5,19.0,8.0,6.0,6.0,1.0,quimper
Paul Bouloukouet,"1m94",30,9.0,2.4,1.3,21,"15-6",19.0,"50%","36.2%","44.7%","76.7%",0.8,2.4,1.3,0.6,0.9,0.1,2.3,9.0,8.1,17.0,6.0,4.0,3.0,1.0,quimper
Ron Anderson,"2m04",34,8.5,6.5,2.5,22,"16-6",29.5,"52.5%","35%","48.1%","38.2%",1.8,6.5,2.5,0.8,1.1,0.2,1.9,8.5,12.0,17.0,13.0,6.0,2.0,1.0,quimper
Johan Randriamananjara,"1m98",23,8.0,3.1,2.7,22,"16-6",21.0,"55.9%","27.6%","50%","66.7%",0.5,3.1,2.7,1.2,1.8,0.1,1.0,8.0,9.5,18.0,7.0,6.0,3.0,1.0,quimper
Momar Ndoye,"2m01",28,5.5,3.5,0.9,22,"16-6",17.9,"39.3%","36.7%","37.9%","46.2%",0.9,3.5,0.9,0.5,1.3,0.2,1.6,5.5,5.4,17.0,6.0,3.0,2.0,1.0,quimper
Armand Mensah,"1m80",24,4.7,1.3,2.4,22,"16-6",16.2,"40%","35%","37.9%","70.8%",0.6,1.3,2.4,0.6,1.5,0.0,1.9,4.7,4.5,11.0,3.0,6.0,2.0,0.0,quimper
Desmond Quincy-Jones,"2m01",38,4.3,2.5,1.0,10,"7-3",14.9,"57.1%","27.3%","34.5%","85%",0.1,2.5,1.0,0.3,0.3,0.3,1.7,4.3,5.9,16.0,7.0,4.0,2.0,2.0,quimper
Izan Le Meut,"2m10",19,1.9,1.5,0.4,17,"11-6",5.5,"57.1%",-,"57.1%","53.3%",0.6,1.5,0.4,0.1,0.9,0.1,0.9,1.9,2.1,8.0,7.0,2.0,1.0,1.0,quimper
Alioune Bruno,"1m82",19,0.3,0.2,0.5,6,"6-0",2.7,"0%","0%","0%","50%",0.0,0.2,0.5,0.2,0.3,0.0,0.7,0.3,0.2,1.0,1.0,2.0,1.0,0.0,quimper
Sylvère Mambangui,"1m99",19,0.3,0.2,0.7,6,"6-0",2.5,"50%","0%","33.3%",-,0.0,0.2,0.7,0.2,0.0,0.0,0.5,0.3,1.0,2.0,1.0,2.0,1.0,0.0,quimper
Cheick Sekou-Conde,"2m04",31,16.1,6.3,2.7,19,"10-9",25.3,"50.3%","27.8%","46.7%","68.1%",1.5,6.3,2.7,1.4,2.3,0.6,2.2,16.1,16.2,30.0,13.0,9.0,4.0,2.0,rennes
Fabien Damase,"1m99",21,13.6,5.0,2.6,16,"10-6",28.1,"67%","22.6%","53%","61.4%",1.0,5.0,2.6,1.0,2.6,0.6,1.7,13.6,14.3,25.0,11.0,5.0,4.0,2.0,rennes
Adrien Sclear,"2m06",22,11.8,6.3,2.0,22,"11-11",25.4,"62.7%","33.3%","55.7%","73.1%",1.8,6.3,2.0,0.5,1.6,0.1,2.8,11.8,14.7,25.0,13.0,5.0,3.0,1.0,rennes
Lucas Fontaine,"1m80",27,8.3,2.2,4.1,18,"10-8",19.6,"48.5%","39.8%","42.1%","86.7%",0.2,2.2,4.1,0.9,2.4,0.0,2.1,8.3,9.1,16.0,5.0,9.0,3.0,0.0,rennes
Danny Evans,"1m93",26,8.3,2.6,2.3,15,"7-8",22.7,"57.8%","26.5%","44.2%","45.8%",0.3,2.6,2.3,1.1,1.7,0.2,2.2,8.3,7.7,17.0,7.0,6.0,2.0,1.0,rennes
Kameronn Selebangue,"1m82",19,7.7,1.5,5.0,22,"11-11",22.5,"48.3%","23.7%","38.4%","71%",0.4,1.5,5.0,0.8,2.2,0.1,2.7,7.7,8.2,25.0,5.0,10.0,3.0,1.0,rennes
Boukhary Cissoko,"1m98",23,7.0,2.3,1.3,4,"0-4",19.0,"66.7%","30.8%","48%","0%",0.5,2.3,1.3,0.3,2.0,0.0,2.5,7.0,5.3,12.0,4.0,3.0,1.0,0.0,rennes
Ewan Le Carour,"1m89",21,6.9,1.7,1.9,18,"10-8",20.8,"57.7%","41.5%","46.2%","86.7%",0.2,1.7,1.9,1.4,1.4,0.0,2.3,6.9,7.7,18.0,4.0,5.0,4.0,0.0,rennes
Joffrey Sclear,"2m00",28,6.8,3.4,2.2,19,"9-10",19.1,"41%","44.1%","43%","41.2%",1.1,3.4,2.2,0.7,1.6,0.1,1.6,6.8,7.7,18.0,6.0,6.0,4.0,1.0,rennes
Clement Poncet-Leberre,"1m85",28,6.2,1.7,2.0,22,"11-11",16.3,"48.7%","38.8%","42.5%","80%",0.3,1.7,2.0,1.0,1.0,0.0,1.5,6.2,6.9,20.0,6.0,5.0,4.0,1.0,rennes
Eliot Thillier,"1m88",21,5.4,3.0,1.4,11,"5-6",17.6,"74.1%","40%","64.9%","46.7%",0.8,3.0,1.4,0.8,1.0,0.0,1.9,5.4,7.6,9.0,8.0,4.0,3.0,0.0,rennes
Maxime Djo Ebala,"2m08",29,2.0,2.6,0.6,21,"10-11",11.6,"42.1%","0%","34%","69.2%",0.8,2.6,0.6,0.5,0.8,0.1,1.8,2.0,3.4,12.0,6.0,2.0,2.0,1.0,rennes
Ismael Kherzane,"1m81",21,0.9,1.5,1.9,15,"8-7",8.3,"27.3%","16.7%","21.7%","50%",0.3,1.5,1.9,0.7,1.1,0.0,1.7,0.9,2.5,5.0,4.0,7.0,3.0,0.0,rennes
Arnaud Maiga,"2m04",21,0.8,0.2,0.0,5,"4-1",4.2,"66.7%",-,"66.7%",-,0.0,0.2,0.0,0.2,0.8,0.0,0.8,0.8,0.2,4.0,1.0,0.0,1.0,0.0,rennes
Briag Guegan,"1m94",20,0.0,0.0,0.0,2,"1-1",1.5,-,"0%","0%",-,0.0,0.0,0.0,0.0,0.0,0.0,0.5,0.0,-1.0,0.0,0.0,0.0,0.0,0.0,rennes
Elian Benitez,"1m80",20,14.7,2.6,7.3,20,"9-11",32.9,"48.6%","32.7%","45.1%","70.7%",0.7,2.6,7.3,2.5,2.8,0.1,3.2,14.7,16.5,23.0,7.0,12.0,6.0,1.0,rueil
Steven Ricard,"2m00",33,13.6,4.7,2.0,21,"9-12",34.0,"58.1%","33.8%","43.8%","87.8%",0.7,4.7,2.0,1.3,1.2,0.2,2.1,13.6,14.2,26.0,10.0,6.0,4.0,1.0,rueil
Rafail Lanaras,"1m95",22,13.1,4.9,4.5,22,"10-12",31.6,"44.4%","38.1%","42%","77.9%",1.0,4.9,4.5,2.2,2.6,0.2,3.6,13.1,15.6,24.0,10.0,12.0,6.0,1.0,rueil
Jean-Frederic Morency,"2m03",34,11.1,5.9,1.7,21,"10-11",26.3,"51%","20%","47.3%","62.4%",2.3,5.9,1.7,1.9,2.3,0.6,3.5,11.1,12.6,21.0,11.0,5.0,6.0,3.0,rueil
Omari Gudul,"2m08",29,10.4,4.4,0.9,21,"10-11",25.7,"53%","27.8%","50.5%","59.6%",1.3,4.4,0.9,0.6,2.0,0.4,3.4,10.4,9.5,24.0,9.0,3.0,4.0,2.0,rueil
William Gneze,"2m01",22,9.3,2.8,0.5,22,"10-12",22.0,"63.5%","34.4%","51.9%","73.9%",0.6,2.8,0.5,0.4,1.0,0.1,1.9,9.3,8.3,17.0,10.0,3.0,1.0,2.0,rueil
Birahima Sylla,"2m01",20,6.7,3.4,2.0,22,"10-12",24.6,"44.1%","25%","38%","75.9%",1.0,3.4,2.0,1.0,1.4,0.5,3.3,6.7,7.7,15.0,7.0,5.0,5.0,2.0,rueil
Kevin Cham,"1m86",25,4.0,2.0,1.0,1,"0-1",24.0,"66.7%","0%","33.3%",-,1.0,2.0,1.0,1.0,4.0,0.0,4.0,4.0,0.0,4.0,2.0,1.0,1.0,0.0,rueil
Nathan Pelissier,"1m96",,1.9,0.8,0.3,19,"10-9",7.7,"26.7%","28.6%","27.3%","80%",0.5,0.8,0.3,0.4,0.4,0.0,1.2,1.9,1.2,12.0,2.0,2.0,3.0,0.0,rueil
Moussa Dicko,"1m95",19,0.8,0.2,0.4,5,"4-1",3.6,"50%","0%","28.6%",-,0.0,0.2,0.4,0.2,0.0,0.0,0.8,0.8,0.6,2.0,1.0,1.0,1.0,0.0,rueil
Curtis Akai,"2m00",21,0.8,1.0,0.1,8,"2-6",5.5,"28.6%",-,"28.6%","50%",0.4,1.0,0.1,0.4,1.1,0.3,0.6,0.8,0.5,3.0,2.0,1.0,2.0,1.0,rueil
Enzo Coique,"1m83",21,0.1,0.0,0.0,8,"4-4",1.6,"0%","0%","0%","50%",0.0,0.0,0.0,0.0,0.4,0.0,0.3,0.1,-0.6,1.0,0.0,0.0,0.0,0.0,rueil
Paul Madeleine,"1m98",24,0.0,0.0,0.0,1,"0-1",2.0,-,-,-,-,0.0,0.0,0.0,0.0,0.0,0.0,0.0,0.0,0.0,0.0,0.0,0.0,0.0,0.0,rueil
Jazzmarr Ferguson,"1m85",34,18.7,2.5,4.0,22,"16-6",32.9,"55%","40.9%","45.9%","90.6%",0.3,2.5,4.0,1.1,2.6,0.0,2.1,18.7,15.9,38.0,8.0,12.0,4.0,0.0,saint-vallier
Deng Geu,"2m03",26,12.5,5.9,0.7,22,"16-6",24.7,"62.6%","39.2%","56.3%","67.2%",2.1,5.9,0.7,0.4,1.4,0.5,2.1,12.5,13.9,24.0,15.0,2.0,3.0,1.0,saint-vallier
David Ramseyer,"2m03",36,12.2,4.9,0.8,20,"15-5",22.7,"56%","0%","55.7%","64.9%",1.3,4.9,0.8,0.4,2.2,0.2,3.1,12.2,11.1,27.0,9.0,2.0,2.0,2.0,saint-vallier
Hugo Dumortier,"1m95",30,9.6,2.5,3.3,21,"15-6",23.8,"51%","37.5%","41.9%","82.1%",0.3,2.5,3.3,0.6,1.2,0.0,2.2,9.6,10.2,22.0,6.0,8.0,2.0,1.0,saint-vallier
Florent Tortosa,"1m98",34,9.3,3.8,2.0,20,"16-4",21.2,"52.2%","34.2%","42.6%","89.2%",0.5,3.8,2.0,0.3,1.4,0.1,0.8,9.3,9.6,18.0,9.0,6.0,2.0,1.0,saint-vallier
Jerome Cazenobe,"2m05",34,9.2,11.8,3.1,22,"16-6",30.3,"68.2%","50%","66.4%","61.4%",3.5,11.8,3.1,0.8,2.1,0.3,1.3,9.2,20.4,21.0,23.0,10.0,2.0,2.0,saint-vallier
Jean-Francois Kebe,"1m85",29,9.0,2.7,4.3,20,"14-6",24.6,"57.1%","26.4%","44.6%","62.8%",0.3,2.7,4.3,0.6,1.9,0.1,2.4,9.0,9.7,20.0,6.0,10.0,3.0,1.0,saint-vallier
Oumarou Sylla,"1m85",31,7.7,3.7,4.3,3,"2-1",22.3,"50%","0%","39.1%","83.3%",1.3,3.7,4.3,1.0,2.3,0.0,0.3,7.7,9.3,15.0,5.0,7.0,2.0,0.0,saint-vallier
Vincent Ateba,"1m95",38,5.8,2.2,1.6,22,"16-6",21.7,"52.8%","31.1%","42.9%","73.2%",0.4,2.2,1.6,0.5,1.2,0.0,2.1,5.8,5.9,12.0,9.0,5.0,2.0,0.0,saint-vallier
Sasha Derradji,"1m95",17,1.6,1.3,1.0,7,"6-1",6.6,"66.7%","50%","60%","66.7%",0.1,1.3,1.0,0.1,0.7,0.0,0.6,1.6,2.7,5.0,3.0,2.0,1.0,0.0,saint-vallier
Nathan Pineau,"2m04",21,1.4,1.2,0.2,12,"10-2",5.0,"63.6%",-,"63.6%","50%",0.6,1.2,0.2,0.0,0.6,0.1,1.1,1.4,1.7,6.0,3.0,1.0,0.0,1.0,saint-vallier
Ethan Morata,"1m85",19,1.4,0.3,0.8,10,"7-3",4.6,"44.4%","28.6%","37.5%",-,0.1,0.3,0.8,0.7,0.4,0.0,0.8,1.4,1.8,8.0,2.0,4.0,5.0,0.0,saint-vallier
Randy Haynes,"1m92",28,14.3,5.1,3.2,21,"10-11",28.8,"46.2%","36%","42%","82.9%",0.8,5.1,3.2,1.6,2.3,0.3,2.3,14.3,14.8,35.0,11.0,6.0,4.0,2.0,som-boulogne
Aaron Levarity,"2m03",26,12.1,11.3,1.5,19,"9-10",30.7,"64.7%","20.8%","58.3%","75.6%",4.2,11.3,1.5,0.6,1.1,0.1,1.5,12.1,20.3,22.0,21.0,4.0,1.0,1.0,som-boulogne
Cedric Andre,"2m02",30,11.8,5.1,1.1,18,"7-11",25.2,"52.4%",-,"52.4%","73.4%",2.1,5.1,1.1,0.2,2.7,0.3,2.9,11.8,10.8,22.0,13.0,3.0,1.0,2.0,som-boulogne
Garry Chathuant,"1m95",40,11.4,4.0,1.0,21,"10-11",26.2,"42.9%","35.2%","39.5%","65.6%",1.2,4.0,1.0,1.1,1.2,0.2,2.4,11.4,9.4,32.0,11.0,4.0,4.0,2.0,som-boulogne
Dimitri Radnic,"1m93",24,10.6,3.0,3.5,17,"8-9",30.4,"63.6%","25.3%","40.6%","68.8%",0.5,3.0,3.5,2.2,1.1,0.1,2.0,10.6,12.1,16.0,6.0,7.0,6.0,1.0,som-boulogne
Nadyr Labouize,"1m88",26,7.8,2.5,5.0,19,"9-10",25.4,"59.6%","35.7%","46.6%","65.3%",0.2,2.5,5.0,0.4,2.4,0.0,2.3,7.8,9.6,16.0,7.0,13.0,2.0,0.0,som-boulogne
Eric Koumba,"1m94",21,6.9,2.6,1.6,21,"10-11",18.1,"44%","30.8%","40.9%","65.3%",0.6,2.6,1.6,1.0,1.2,0.2,1.2,6.9,6.7,18.0,6.0,4.0,3.0,1.0,som-boulogne
Sydney Hawmmond,"2m14",23,4.0,2.1,0.4,19,"9-10",12.4,"51.8%",-,"51.8%","60%",0.9,2.1,0.4,0.5,1.3,0.4,2.2,4.0,4.1,11.0,7.0,2.0,1.0,2.0,som-boulogne
Pierre Truffert,"1m90",24,3.3,1.7,1.1,20,"10-10",16.9,"30.8%","27.7%","28.8%","78.6%",0.4,1.7,1.1,0.5,0.9,0.2,2.4,3.3,3.1,16.0,5.0,5.0,3.0,1.0,som-boulogne
Moustapha Toure,"1m92",,3.2,1.6,0.3,17,"9-8",7.6,"58.8%","36%","45.2%","66.7%",0.2,1.6,0.3,0.2,0.5,0.0,1.3,3.2,3.2,14.0,3.0,2.0,1.0,0.0,som-boulogne
Luka Nikolic,"2m09",29,13.8,8.0,1.8,22,"11-11",28.0,"57.7%","31%","47.9%","70.4%",2.9,8.0,1.8,0.6,2.4,0.5,2.6,13.8,15.8,29.0,14.0,4.0,3.0,2.0,stade-toulousain-basketball
Samir Mekdad,"1m88",37,11.2,3.6,2.3,22,"11-11",28.3,"42.4%","32.7%","37.4%","77.2%",0.4,3.6,2.3,1.2,2.1,0.1,2.2,11.2,9.8,22.0,8.0,5.0,5.0,1.0,stade-toulousain-basketball
Victor Mopsus,"1m75",24,11.0,4.5,5.9,22,"11-11",35.7,"42.5%","29.5%","34.7%","78.3%",1.5,4.5,5.9,1.9,2.4,0.0,2.2,11.0,14.0,19.0,9.0,13.0,5.0,1.0,stade-toulousain-basketball
Vladimir Ilic,"2m03",24,9.2,3.6,1.7,18,"9-9",22.6,"51.4%","45.6%","48.9%","61.1%",1.1,3.6,1.7,0.9,0.7,0.4,2.4,9.2,11.0,21.0,8.0,5.0,2.0,1.0,stade-toulousain-basketball
Cheikh Gassama,"1m93",28,8.1,3.2,2.4,22,"11-11",25.9,"40.8%","18.9%","34.9%","58.9%",1.5,3.2,2.4,1.0,2.0,0.2,2.4,8.1,6.1,15.0,9.0,6.0,3.0,1.0,stade-toulousain-basketball
Dorian Okemba,"1m86",21,7.2,1.6,1.1,22,"11-11",19.9,"46.5%","25.9%","35.5%","73.2%",0.5,1.6,1.1,1.3,1.6,0.0,1.8,7.2,4.8,13.0,4.0,4.0,5.0,1.0,stade-toulousain-basketball
Thibaud Gottin,"2m00",24,6.4,2.1,0.6,22,"11-11",20.3,"46%","27.9%","37.1%","71.1%",0.7,2.1,0.6,0.7,1.3,0.0,2.2,6.4,4.4,16.0,5.0,2.0,2.0,0.0,stade-toulousain-basketball
Moustafa Haidara,"2m05",22,5.1,6.5,0.3,21,"10-11",20.2,"56.3%","0%","52.9%","48.6%",2.9,6.5,0.3,0.6,1.5,0.2,1.9,5.1,8.4,17.0,15.0,2.0,2.0,2.0,stade-toulousain-basketball
Lucas Kouyate,"1m99",24,1.9,0.9,0.3,13,"5-8",9.5,"36.4%","21.4%","30.6%",-,0.4,0.9,0.3,0.5,0.5,0.2,1.7,1.9,1.5,10.0,3.0,2.0,3.0,1.0,stade-toulousain-basketball
Yarod Silva,"1m98",22,0.6,0.4,0.1,8,"3-5",3.6,"16.7%",-,"16.7%","75%",0.3,0.4,0.1,0.0,0.3,0.1,0.8,0.6,0.3,2.0,3.0,1.0,0.0,1.0,stade-toulousain-basketball
Yann Cancel,"1m80",20,0.3,0.8,0.0,4,"2-2",2.5,"0%","0%","0%","50%",0.5,0.8,0.0,0.0,0.0,0.0,0.5,0.3,0.0,1.0,1.0,0.0,0.0,0.0,stade-toulousain-basketball
Eli Ntinia Levy,-,,0.0,2.0,0.0,1,"1-0",3.0,-,-,-,-,1.0,2.0,0.0,0.0,0.0,0.0,0.0,0.0,2.0,0.0,2.0,0.0,0.0,0.0,stade-toulousain-basketball
Leopold Levillain,-,,0.0,0.0,0.0,1,"1-0",5.0,-,-,-,-,0.0,0.0,0.0,0.0,1.0,0.0,3.0,0.0,-1.0,0.0,0.0,0.0,0.0,0.0,stade-toulousain-basketball
Devante Wallace,"1m98",31,16.0,3.7,1.6,17,"8-9",28.8,"43.3%","47.8%","45.8%","88.9%",1.0,3.7,1.6,1.4,1.2,0.4,1.8,16.0,15.1,30.0,7.0,4.0,4.0,2.0,tarbes-lourdes
Jonathan Boucaud,"1m86",28,11.4,2.2,3.5,22,"12-10",26.3,"41.2%","36.7%","37.8%","75.6%",0.4,2.2,3.5,1.3,2.3,0.1,1.9,11.4,9.7,24.0,7.0,9.0,3.0,1.0,tarbes-lourdes
Marius Chambre,"1m82",25,10.3,4.1,5.9,20,"11-9",30.4,"50%","32.4%","36.2%","82.5%",0.8,4.1,5.9,1.3,2.5,0.0,3.2,10.3,13.1,19.0,7.0,9.0,4.0,0.0,tarbes-lourdes
Mohamed Queta,"2m08",28,10.2,6.3,1.6,18,"10-8",24.2,"54.9%","35%","46.5%","75%",1.3,6.3,1.6,0.8,1.4,1.2,2.4,10.2,13.8,17.0,12.0,6.0,3.0,4.0,tarbes-lourdes
Franck Yangue,"2m05",33,8.3,5.4,0.6,22,"12-10",20.0,"64.9%",-,"64.9%","54%",2.0,5.4,0.6,0.7,1.6,0.9,2.8,8.3,11.2,14.0,10.0,2.0,2.0,3.0,tarbes-lourdes
Tom Wiscart Goetz,"1m88",24,6.5,1.9,4.8,21,"11-10",24.5,"30%","25.6%","27.3%","74.1%",0.5,1.9,4.8,0.8,1.9,0.0,2.0,6.5,6.8,22.0,5.0,12.0,3.0,0.0,tarbes-lourdes
Tidiane Badiane,"2m08",28,6.2,3.0,0.5,22,"12-10",14.9,"65.4%","0%","64.6%","44.3%",0.7,3.0,0.5,0.1,2.1,0.2,3.2,6.2,4.6,13.0,9.0,2.0,1.0,1.0,tarbes-lourdes
Nelson Cece,"2m00",21,6.2,3.2,0.6,18,"10-8",13.9,"73.3%","13.3%","61.3%","60%",1.1,3.2,0.6,0.3,1.4,0.1,2.0,6.2,6.6,21.0,8.0,3.0,1.0,1.0,tarbes-lourdes
Bryan Coudray,"1m89",23,6.0,2.8,3.0,4,"3-1",17.3,"46.2%","14.3%","35%","52.9%",1.3,2.8,3.0,0.5,1.5,0.0,1.3,6.0,5.5,10.0,5.0,6.0,1.0,0.0,tarbes-lourdes
Fabien Ateba,"1m95",32,6.0,2.8,0.8,4,"3-1",19.3,"35.3%","12.5%","24.2%","75%",0.8,2.8,0.8,0.5,1.0,0.3,0.8,6.0,2.5,11.0,5.0,1.0,1.0,1.0,tarbes-lourdes
Niels Pharose,"1m99",24,5.1,3.0,1.0,22,"12-10",18.7,"47.7%","37%","41.8%","78.6%",0.7,3.0,1.0,0.4,1.2,0.1,1.9,5.1,5.8,12.0,7.0,4.0,1.0,1.0,tarbes-lourdes
Francois Matip,"2m00",23,3.7,2.9,0.6,7,"4-3",18.1,"34.8%","33.3%","34.5%","50%",0.9,2.9,0.6,0.4,2.1,0.0,3.3,3.7,2.1,6.0,6.0,1.0,1.0,0.0,tarbes-lourdes
Jules Le Roux,"1m98",22,2.0,1.6,0.7,11,"6-5",7.3,"60%","50%","57.1%","36.4%",0.3,1.6,0.7,0.5,1.0,0.3,1.5,2.0,2.9,6.0,5.0,3.0,2.0,1.0,tarbes-lourdes
Raydon Atipa,"1m80",23,0.6,0.1,0.1,9,"6-3",2.7,-,"0%","0%","83.3%",0.0,0.1,0.1,0.1,0.4,0.0,0.3,0.6,0.2,3.0,1.0,1.0,1.0,0.0,tarbes-lourdes
Fabien Paschal,"2m07",32,13.3,5.9,1.4,22,"14-8",20.1,"54.5%","42.2%","51.9%","83.3%",1.7,5.9,1.4,0.3,1.7,0.3,2.3,13.3,14.3,23.0,11.0,4.0,1.0,2.0,tours
Pierre-Etienne Drouault,"1m96",33,10.9,3.5,2.6,15,"11-4",24.2,"50%","39.5%","46.3%","84.5%",0.3,3.5,2.6,0.9,2.0,0.3,1.5,10.9,11.7,23.0,11.0,7.0,2.0,2.0,tours
Scott Suggs,"2m00",34,10.2,2.7,1.3,22,"14-8",24.6,"52.7%","27.1%","43.7%","76.2%",0.5,2.7,1.3,0.4,1.5,0.4,1.3,10.2,7.9,22.0,10.0,4.0,2.0,1.0,tours
Augustinas Venckus,"1m90",26,10.2,2.3,2.0,21,"13-8",23.4,"43.1%","43.8%","43.6%","84.2%",0.2,2.3,2.0,0.1,1.7,0.0,1.7,10.2,8.5,21.0,7.0,6.0,1.0,1.0,tours
Theo Leon,"1m80",31,9.0,2.8,5.1,22,"14-8",25.1,"53.5%","39.5%","48.8%","72%",0.7,2.8,5.1,1.3,2.6,0.0,1.9,9.0,11.6,15.0,7.0,10.0,3.0,0.0,tours
Rigo Edzata,"2m03",26,8.6,5.6,0.6,22,"14-8",20.1,"64.5%","37.1%","50%","91.2%",0.9,5.6,0.6,0.6,0.5,0.4,1.8,8.6,12.2,19.0,13.0,3.0,2.0,2.0,tours
Valentin Vitale-Boiteux,"1m87",22,7.5,1.8,3.5,22,"14-8",16.6,"46.8%","32.7%","40.5%","84.3%",0.3,1.8,3.5,0.8,1.6,0.0,1.5,7.5,8.4,20.0,4.0,7.0,3.0,0.0,tours
Alexis Dargenton,"2m03",29,7.1,5.3,1.9,22,"14-8",21.0,"58.9%","20%","50.8%","61.7%",1.2,5.3,1.9,0.9,1.5,0.5,2.5,7.1,10.6,15.0,11.0,5.0,4.0,1.0,tours
Abdel Kader Sylla,"2m05",33,6.7,3.7,1.9,21,"14-7",18.7,"60.4%","50%","60.2%","50.9%",1.3,3.7,1.9,0.4,1.8,0.5,2.5,6.7,8.4,12.0,9.0,5.0,2.0,2.0,tours
Emmanuel Monceau,"1m95",28,6.0,3.4,1.0,5,"3-2",16.4,"66.7%","50%","64.7%","58.3%",2.0,3.4,1.0,1.0,1.4,0.0,2.4,6.0,7.8,10.0,5.0,2.0,2.0,0.0,tours
Ousmane Kaba,"1m94",21,4.5,3.1,1.0,21,"14-7",12.6,"70.9%","12.5%","57.7%","52.4%",1.6,3.1,1.0,0.5,1.0,0.0,1.1,4.5,6.3,11.0,9.0,6.0,3.0,0.0,tours
Yohann Mayola,"2m01",22,2.0,1.0,0.0,1,"1-0",4.0,"100%",-,"100%",-,0.0,1.0,0.0,0.0,0.0,0.0,0.0,2.0,3.0,2.0,1.0,0.0,0.0,0.0,tours
Hugo Bequignon,"1m94",22,13.2,2.7,2.8,21,"10-11",28.4,"46.6%","47.1%","46.8%","71.4%",0.5,2.7,2.8,1.7,2.4,0.2,1.9,13.2,12.0,23.0,8.0,7.0,4.0,2.0,vitre
Warren Racine,"1m88",28,12.5,3.0,3.9,22,"11-11",28.3,"60.2%","39.6%","49%","80.8%",0.4,3.0,3.9,0.7,1.7,0.1,1.6,12.5,13.6,24.0,7.0,9.0,3.0,1.0,vitre
Gaylor Lobela,"2m02",28,10.5,5.5,1.3,4,"3-1",28.3,"54.5%","33.3%","50%","70.6%",1.8,5.5,1.3,0.8,1.8,0.0,2.8,10.5,11.5,14.0,7.0,2.0,1.0,0.0,vitre
Josh Ferguson,"2m03",27,9.8,6.1,1.5,8,"4-4",29.6,"51.1%","34.6%","45.1%","55.6%",1.6,6.1,1.5,0.6,1.5,0.4,2.3,9.8,11.5,18.0,12.0,5.0,2.0,1.0,vitre
Calvin Jubenot,"1m98",37,8.5,4.7,1.3,13,"6-7",21.5,"50.6%","33.3%","48.9%","78.3%",1.2,4.7,1.3,1.0,1.8,0.3,3.5,8.5,10.0,18.0,10.0,3.0,2.0,1.0,vitre
Kilian Incredule,"1m75",27,8.5,3.6,3.6,22,"11-11",22.9,"48.9%","34%","38.9%","78.8%",0.9,3.6,3.6,0.9,1.4,0.0,2.6,8.5,10.6,23.0,9.0,8.0,3.0,0.0,vitre
Jean-Jacques Boissy,"1m83",23,7.6,2.4,1.3,11,"5-6",18.1,"51.4%","27.8%","39.7%","72.7%",0.2,2.4,1.3,1.3,2.2,0.0,2.1,7.6,5.8,16.0,5.0,2.0,4.0,0.0,vitre
Vincent Fandelet,"2m00",31,6.3,2.5,1.0,21,"11-10",21.9,"44.9%","12.5%","40.7%","62.5%",0.8,2.5,1.0,1.1,1.6,0.1,2.9,6.3,5.1,14.0,6.0,3.0,3.0,1.0,vitre
Yannis Mendy,"1m99",27,5.9,4.0,1.2,18,"8-10",24.5,"58.9%","11.1%","53.7%","60.7%",1.6,4.0,1.2,1.0,2.1,0.2,2.4,5.9,7.5,18.0,8.0,3.0,3.0,2.0,vitre
Alexis Racine,"1m91",28,5.5,1.6,1.2,21,"11-10",16.1,"50.9%","35.1%","44.6%","75%",0.6,1.6,1.2,0.9,1.4,0.0,1.6,5.5,5.1,18.0,5.0,6.0,3.0,1.0,vitre
Romain Gregoire,"2m01",32,5.0,3.8,0.6,22,"11-11",18.0,"47.2%","33.9%","38.8%","63.2%",1.0,3.8,0.6,0.4,0.5,0.5,1.9,5.0,6.7,20.0,9.0,2.0,2.0,3.0,vitre
Marcellus Roberts,"2m03",28,3.5,3.0,0.9,13,"6-7",16.4,"51.2%",-,"51.2%","44.4%",0.5,3.0,0.9,0.5,1.9,0.4,2.2,3.5,4.5,10.0,8.0,4.0,2.0,2.0,vitre
Kevin Keliki,"2m08",23,1.3,1.3,0.0,3,"1-2",5.7,"25%",-,"25%",-,1.0,1.3,0.0,0.0,1.0,0.0,1.7,1.3,-0.3,2.0,3.0,0.0,0.0,0.0,vitre
Olivier Obiejesi,"1m96",23,0.3,0.0,0.0,6,"5-1",1.8,"33.3%","0%","25%",-,0.0,0.0,0.0,0.0,0.2,0.0,0.2,0.3,-0.3,2.0,0.0,0.0,0.0,0.0,vitre
